"행정구역","2022년_거주자_총인구수","2022년_거주자_연령구간인구수","2022년_거주자_0~9세","2022년_거주자_10~19세","2022년_거주자_20~29세","2022년_거주자_30~39세","2022년_거주자_40~49세","2022년_거주자_50~59세","2022년_거주자_60~69세","2022년_거주자_70~79세","2022년_거주자_80~89세","2022년_거주자_90~99세","2022년_거주자_100세 이상","2022년_남_거주자_총인구수","2022년_남_거주자_연령구간인구수","2022년_남_거주자_0~9세","2022년_남_거주자_10~19세","2022년_남_거주자_20~29세","2022년_남_거주자_30~39세","2022년_남_거주자_40~49세","2022년_남_거주자_50~59세","2022년_남_거주자_60~69세","2022년_남_거주자_70~79세","2022년_남_거주자_80~89세","2022년_남_거주자_90~99세","2022년_남_거주자_100세 이상","2022년_여_거주자_총인구수","2022년_여_거주자_연령구간인구수","2022년_여_거주자_0~9세","2022년_여_거주자_10~19세","2022년_여_거주자_20~29세","2022년_여_거주자_30~39세","2022년_여_거주자_40~49세","2022년_여_거주자_50~59세","2022년_여_거주자_60~69세","2022년_여_거주자_70~79세","2022년_여_거주자_80~89세","2022년_여_거주자_90~99세","2022년_여_거주자_100세 이상"
"서울특별시  (1100000000)","9,355,332","9,355,332","544,780","746,919","1,384,252","1,417,338","1,435,104","1,473,354","1,283,051","708,404","319,157","41,800","1,173","4,532,400","4,532,400","279,735","382,599","661,767","708,464","709,394","724,291","605,958","321,238","127,937","10,782","235","4,822,932","4,822,932","265,045","364,320","722,485","708,874","725,710","749,063","677,093","387,166","191,220","31,018","938"
"서울특별시 종로구 (1111000000)","139,437","139,437","6,392","10,027","22,125","19,163","19,636","23,701","19,863","11,233","6,379","890","28","67,371","67,371","3,232","4,970","10,528","9,551","9,448","11,802","9,953","5,024","2,582","272","9","72,066","72,066","3,160","5,057","11,597","9,612","10,188","11,899","9,910","6,209","3,797","618","19"
"서울특별시 중구 (1114000000)","118,665","118,665","5,954","6,267","17,531","19,700","16,449","18,911","17,630","10,108","5,282","807","26","57,605","57,605","3,055","3,120","8,144","9,871","8,361","9,503","8,796","4,565","1,972","211","7","61,060","61,060","2,899","3,147","9,387","9,829","8,088","9,408","8,834","5,543","3,310","596","19"
"서울특별시 용산구 (1117000000)","215,127","215,127","11,933","14,105","31,579","37,669","31,927","34,384","28,415","15,179","8,619","1,280","37","103,441","103,441","6,088","7,196","14,662","18,672","15,778","16,852","13,886","6,673","3,256","374","4","111,686","111,686","5,845","6,909","16,917","18,997","16,149","17,532","14,529","8,506","5,363","906","33"
"서울특별시 성동구 (1120000000)","278,758","278,758","18,225","18,433","41,991","45,432","41,801","44,272","37,808","19,898","9,705","1,152","41","135,467","135,467","9,373","9,170","20,606","22,201","20,969","21,780","18,426","8,879","3,743","310","10","143,291","143,291","8,852","9,263","21,385","23,231","20,832","22,492","19,382","11,019","5,962","842","31"
"서울특별시 광진구 (1121500000)","334,978","334,978","16,435","24,418","60,072","54,424","48,732","52,558","44,157","22,586","10,273","1,283","40","161,294","161,294","8,458","12,325","28,005","27,118","23,892","25,558","21,113","10,302","4,166","345","12","173,684","173,684","7,977","12,093","32,067","27,306","24,840","27,000","23,044","12,284","6,107","938","28"
"서울특별시 동대문구 (1123000000)","334,154","334,154","18,627","22,666","56,012","48,309","47,924","50,884","47,312","27,626","13,242","1,497","55","164,365","164,365","9,500","11,542","27,013","24,860","24,649","25,683","22,996","12,413","5,286","413","10","169,789","169,789","9,127","11,124","28,999","23,449","23,275","25,201","24,316","15,213","7,956","1,084","45"
"서울특별시 중랑구 (1126000000)","383,029","383,029","20,331","24,788","52,148","57,466","54,271","65,040","61,478","31,892","13,919","1,656","40","188,205","188,205","10,392","12,661","25,281","29,452","28,167","32,055","29,707","14,557","5,536","390","7","194,824","194,824","9,939","12,127","26,867","28,014","26,104","32,985","31,771","17,335","8,383","1,266","33"
"서울특별시 성북구 (1129000000)","427,473","427,473","25,863","36,065","65,206","57,386","65,437","69,393","56,794","32,719","16,507","2,057","46","205,472","205,472","13,214","18,335","31,046","28,694","32,014","34,235","26,650","14,242","6,510","524","8","222,001","222,001","12,649","17,730","34,160","28,692","33,423","35,158","30,144","18,477","9,997","1,533","38"
"서울특별시 강북구 (1130500000)","291,344","291,344","12,770","19,989","39,710","35,692","41,620","50,056","46,886","29,253","13,874","1,455","39","141,327","141,327","6,545","10,160","19,285","18,692","21,419","24,692","21,983","12,558","5,582","400","11","150,017","150,017","6,225","9,829","20,425","17,000","20,201","25,364","24,903","16,695","8,292","1,055","28"
"서울특별시 도봉구 (1132000000)","309,831","309,831","15,569","23,456","39,276","38,098","44,074","54,228","51,701","27,951","13,683","1,755","40","150,414","150,414","8,086","12,107","19,662","19,566","21,925","25,981","24,327","12,834","5,458","460","8","159,417","159,417","7,483","11,349","19,614","18,532","22,149","28,247","27,374","15,117","8,225","1,295","32"
"서울특별시 노원구 (1135000000)","501,406","501,406","28,283","49,001","67,705","61,639","78,037","85,706","71,313","38,227","18,755","2,666","74","241,014","241,014","14,568","25,409","34,521","30,748","37,182","41,342","33,121","16,729","6,734","648","12","260,392","260,392","13,715","23,592","33,184","30,891","40,855","44,364","38,192","21,498","12,021","2,018","62"
"서울특별시 은평구 (1138000000)","463,578","463,578","25,754","36,393","62,832","65,630","71,361","75,796","66,758","38,419","18,552","2,040","43","221,053","221,053","13,228","18,665","29,573","32,239","35,244","36,488","30,903","16,653","7,490","559","11","242,525","242,525","12,526","17,728","33,259","33,391","36,117","39,308","35,855","21,766","11,062","1,481","32"
"서울특별시 서대문구 (1141000000)","303,718","303,718","18,378","22,524","48,569","44,166","44,590","48,047","40,040","23,087","12,698","1,570","49","144,560","144,560","9,326","11,261","22,835","21,791","21,897","23,313","18,910","9,840","4,938","438","11","159,158","159,158","9,052","11,263","25,734","22,375","22,693","24,734","21,130","13,247","7,760","1,132","38"
"서울특별시 마포구 (1144000000)","361,419","361,419","21,707","27,338","59,832","62,586","57,658","54,222","40,919","23,156","12,303","1,651","47","169,510","169,510","11,114","13,818","26,508","29,549","27,946","26,413","19,168","9,769","4,742","473","10","191,909","191,909","10,593","13,520","33,324","33,037","29,712","27,809","21,751","13,387","7,561","1,178","37"
"서울특별시 양천구 (1147000000)","438,325","438,325","27,037","48,656","54,650","53,890","73,615","74,601","61,179","30,641","12,209","1,800","47","214,334","214,334","13,920","25,336","27,639","26,745","35,155","36,973","29,124","14,383","4,637","414","8","223,991","223,991","13,117","23,320","27,011","27,145","38,460","37,628","32,055","16,258","7,572","1,386","39"
"서울특별시 강서구 (1150000000)","566,040","566,040","33,592","42,960","82,478","97,209","87,467","82,322","79,306","41,187","16,912","2,538","69","271,574","271,574","17,068","21,926","37,527","48,794","43,821","39,719","36,565","19,180","6,391","569","14","294,466","294,466","16,524","21,034","44,951","48,415","43,646","42,603","42,741","22,007","10,521","1,969","55"
"서울특별시 구로구 (1153000000)","393,213","393,213","24,335","28,562","52,717","61,309","59,693","60,976","57,680","32,858","13,466","1,583","34","193,107","193,107","12,525","14,596","25,493","31,356","30,448","30,207","27,153","15,394","5,535","395","5","200,106","200,106","11,810","13,966","27,224","29,953","29,245","30,769","30,527","17,464","7,931","1,188","29"
"서울특별시 금천구 (1154500000)","228,116","228,116","10,689","13,505","36,318","37,268","30,397","37,731","35,240","18,317","7,748","873","30","114,858","114,858","5,486","6,823","17,769","20,500","16,132","18,904","17,294","8,562","3,139","241","8","113,258","113,258","5,203","6,682","18,549","16,768","14,265","18,827","17,946","9,755","4,609","632","22"
"서울특별시 영등포구 (1156000000)","372,665","372,665","23,535","23,491","57,480","69,326","54,572","54,731","47,925","27,158","12,837","1,575","35","183,030","183,030","12,041","12,157","26,265","35,168","28,096","27,788","23,306","12,485","5,265","451","8","189,635","189,635","11,494","11,334","31,215","34,158","26,476","26,943","24,619","14,673","7,572","1,124","27"
"서울특별시 동작구 (1159000000)","377,880","377,880","21,329","26,609","64,026","59,586","55,251","56,440","49,720","29,675","13,472","1,726","46","182,682","182,682","10,892","13,658","30,794","30,192","27,691","27,320","22,988","13,045","5,629","462","11","195,198","195,198","10,437","12,951","33,232","29,394","27,560","29,120","26,732","16,630","7,843","1,264","35"
"서울특별시 관악구 (1162000000)","483,261","483,261","18,151","26,239","109,885","86,646","63,007","65,240","59,548","36,946","15,881","1,667","51","242,755","242,755","9,388","13,358","53,350","48,009","33,753","33,160","27,835","16,718","6,770","405","9","240,506","240,506","8,763","12,881","56,535","38,637","29,254","32,080","31,713","20,228","9,111","1,262","42"
"서울특별시 서초구 (1165000000)","399,914","399,914","29,012","44,371","49,748","56,219","72,182","62,082","46,594","27,165","10,812","1,682","47","191,020","191,020","14,904","22,538","23,907","25,890","33,534","30,788","21,576","12,561","4,842","475","5","208,894","208,894","14,108","21,833","25,841","30,329","38,648","31,294","25,018","14,604","5,970","1,207","42"
"서울특별시 강남구 (1168000000)","521,766","521,766","32,251","59,865","67,442","74,637","94,678","81,364","59,835","35,858","13,567","2,202","67","249,496","249,496","16,616","31,229","32,022","34,664","43,346","40,735","27,627","16,629","6,055","560","13","272,270","272,270","15,635","28,636","35,420","39,973","51,332","40,629","32,208","19,229","7,512","1,642","54"
"서울특별시 송파구 (1171000000)","654,187","654,187","46,092","58,227","87,098","104,909","106,655","100,639","87,952","43,790","16,200","2,547","78","314,850","314,850","23,802","29,703","41,248","50,067","51,613","48,650","41,187","21,229","6,738","601","12","339,337","339,337","22,290","28,524","45,850","54,842","55,042","51,989","46,765","22,561","9,462","1,946","66"
"서울특별시 강동구 (1174000000)","457,048","457,048","32,536","38,964","57,822","68,979","74,070","70,030","66,998","33,475","12,262","1,848","64","223,596","223,596","16,914","20,536","28,084","34,075","36,914","34,350","31,364","16,014","4,941","392","12","233,452","233,452","15,622","18,428","29,738","34,904","37,156","35,680","35,634","17,461","7,321","1,456","52"
"부산광역시  (2600000000)","3,303,295","3,303,295","206,293","265,617","394,536","394,741","491,435","539,562","552,889","307,949","133,886","16,003","384","1,612,001","1,612,001","105,808","136,589","203,531","202,525","247,766","263,048","260,442","139,119","49,629","3,479","65","1,691,294","1,691,294","100,485","129,028","191,005","192,216","243,669","276,514","292,447","168,830","84,257","12,524","319"
"부산광역시 중구 (2611000000)","39,393","39,393","1,016","1,775","5,664","4,388","4,748","6,411","7,757","4,972","2,322","331","9","19,082","19,082","555","888","2,664","2,314","2,588","3,323","3,695","2,141","829","84","1","20,311","20,311","461","887","3,000","2,074","2,160","3,088","4,062","2,831","1,493","247","8"
"부산광역시 서구 (2614000000)","104,669","104,669","5,198","7,130","12,480","10,470","13,936","16,847","19,304","12,451","6,092","743","18","50,540","50,540","2,747","3,621","6,073","5,372","7,168","8,606","9,117","5,448","2,224","158","6","54,129","54,129","2,451","3,509","6,407","5,098","6,768","8,241","10,187","7,003","3,868","585","12"
"부산광역시 동구 (2617000000)","85,897","85,897","3,790","4,663","9,685","10,349","11,195","13,719","15,843","10,713","5,336","586","18","41,924","41,924","1,975","2,411","4,779","5,448","6,015","7,114","7,522","4,643","1,878","133","6","43,973","43,973","1,815","2,252","4,906","4,901","5,180","6,605","8,321","6,070","3,458","453","12"
"부산광역시 영도구 (2620000000)","107,590","107,590","4,530","6,845","10,495","9,901","13,920","17,728","22,061","14,624","6,732","735","19","52,925","52,925","2,279","3,535","5,765","5,366","7,261","9,165","10,549","6,427","2,423","152","3","54,665","54,665","2,251","3,310","4,730","4,535","6,659","8,563","11,512","8,197","4,309","583","16"
"부산광역시 부산진구 (2623000000)","354,026","354,026","19,596","24,091","50,159","48,229","49,438","55,488","57,930","32,528","14,887","1,647","33","170,035","170,035","10,004","12,198","23,937","24,536","25,080","26,934","27,003","14,492","5,457","390","4","183,991","183,991","9,592","11,893","26,222","23,693","24,358","28,554","30,927","18,036","9,430","1,257","29"
"부산광역시 동래구 (2626000000)","272,228","272,228","19,270","25,559","30,267","32,237","43,625","43,435","42,768","24,040","9,799","1,203","25","131,779","131,779","9,856","13,312","15,538","16,193","21,324","20,878","19,618","11,006","3,778","272","4","140,449","140,449","9,414","12,247","14,729","16,044","22,301","22,557","23,150","13,034","6,021","931","21"
"부산광역시 남구 (2629000000)","255,160","255,160","15,004","22,372","32,954","26,501","38,663","41,080","40,997","25,389","10,939","1,233","28","124,523","124,523","7,685","11,465","17,415","13,653","19,301","20,289","18,864","11,258","4,307","284","2","130,637","130,637","7,319","10,907","15,539","12,848","19,362","20,791","22,133","14,131","6,632","949","26"
"부산광역시 북구 (2632000000)","278,000","278,000","17,198","21,898","32,803","33,239","38,347","50,178","50,116","23,306","9,742","1,145","28","136,770","136,770","8,845","11,372","17,446","17,428","19,193","23,517","24,430","10,831","3,502","204","2","141,230","141,230","8,353","10,526","15,357","15,811","19,154","26,661","25,686","12,475","6,240","941","26"
"부산광역시 해운대구 (2635000000)","384,684","384,684","24,876","36,219","43,128","42,630","61,105","67,527","60,436","32,143","14,680","1,891","49","184,457","184,457","12,775","18,653","22,523","20,858","29,146","32,019","28,424","14,336","5,287","426","10","200,227","200,227","12,101","17,566","20,605","21,772","31,959","35,508","32,012","17,807","9,393","1,465","39"
"부산광역시 사하구 (2638000000)","300,905","300,905","16,844","24,118","35,928","33,831","43,410","51,527","54,200","28,282","11,334","1,406","25","149,360","149,360","8,701","12,411","19,342","17,964","22,274","25,305","25,865","13,095","4,122","279","2","151,545","151,545","8,143","11,707","16,586","15,867","21,136","26,222","28,335","15,187","7,212","1,127","23"
"부산광역시 금정구 (2641000000)","220,381","220,381","10,823","16,575","30,112","22,785","29,548","37,056","39,502","22,626","10,086","1,238","30","107,607","107,607","5,540","8,518","16,264","12,066","14,772","17,685","18,431","10,239","3,804","283","5","112,774","112,774","5,283","8,057","13,848","10,719","14,776","19,371","21,071","12,387","6,282","955","25"
"부산광역시 강서구 (2644000000)","142,859","142,859","18,584","14,040","11,988","24,883","27,744","16,979","17,467","7,663","3,035","465","11","74,023","74,023","9,593","7,168","6,575","12,631","15,341","8,938","8,764","3,849","1,074","87","3","68,836","68,836","8,991","6,872","5,413","12,252","12,403","8,041","8,703","3,814","1,961","378","8"
"부산광역시 연제구 (2647000000)","202,696","202,696","12,854","16,128","23,276","25,222","30,695","32,630","33,521","19,225","8,236","887","22","97,158","97,158","6,487","8,205","11,700","12,704","15,055","15,470","15,370","8,680","3,303","179","5","105,538","105,538","6,367","7,923","11,576","12,518","15,640","17,160","18,151","10,545","4,933","708","17"
"부산광역시 수영구 (2650000000)","173,703","173,703","9,452","11,402","23,053","23,514","24,414","26,397","28,751","17,896","7,843","960","21","81,617","81,617","4,821","5,876","10,907","11,763","11,983","12,301","12,694","7,951","3,072","242","7","92,086","92,086","4,631","5,526","12,146","11,751","12,431","14,096","16,057","9,945","4,771","718","14"
"부산광역시 사상구 (2653000000)","202,925","202,925","10,156","14,117","25,974","23,426","27,253","36,801","39,090","18,588","6,805","696","19","102,017","102,017","5,234","7,276","13,805","12,677","14,334","18,268","19,312","8,552","2,425","133","1","100,908","100,908","4,922","6,841","12,169","10,749","12,919","18,533","19,778","10,036","4,380","563","18"
"부산광역시 기장군 (2671000000)","178,179","178,179","17,102","18,685","16,570","23,136","33,394","25,759","23,146","13,503","6,018","837","29","88,184","88,184","8,711","9,680","8,798","11,552","16,931","13,236","10,784","6,171","2,144","173","4","89,995","89,995","8,391","9,005","7,772","11,584","16,463","12,523","12,362","7,332","3,874","664","25"
"대구광역시  (2700000000)","2,355,187","2,355,187","157,671","217,366","293,800","278,455","361,808","412,467","349,801","183,830","88,972","10,789","228","1,157,750","1,157,750","80,711","112,637","155,719","147,337","178,259","201,302","166,580","80,669","32,088","2,426","22","1,197,437","1,197,437","76,960","104,729","138,081","131,118","183,549","211,165","183,221","103,161","56,884","8,363","206"
"대구광역시 중구 (2711000000)","79,578","79,578","5,641","5,635","11,853","11,908","11,429","11,544","10,325","7,074","3,668","486","15","38,100","38,100","2,847","2,858","5,548","6,196","5,695","5,701","4,811","2,933","1,382","128","1","41,478","41,478","2,794","2,777","6,305","5,712","5,734","5,843","5,514","4,141","2,286","358","14"
"대구광역시 동구 (2714000000)","338,148","338,148","22,564","26,270","38,370","42,531","50,034","55,538","54,166","31,748","15,192","1,700","35","165,913","165,913","11,512","13,677","20,296","22,706","25,546","27,177","25,101","13,955","5,546","393","4","172,235","172,235","11,052","12,593","18,074","19,825","24,488","28,361","29,065","17,793","9,646","1,307","31"
"대구광역시 서구 (2717000000)","158,880","158,880","6,229","9,641","17,980","16,305","19,936","30,171","32,040","17,707","8,026","827","18","78,980","78,980","3,259","4,909","9,735","9,322","10,730","15,258","15,063","7,685","2,870","148","1","79,900","79,900","2,970","4,732","8,245","6,983","9,206","14,913","16,977","10,022","5,156","679","17"
"대구광역시 남구 (2720000000)","140,602","140,602","5,982","8,792","19,028","16,486","18,489","23,436","24,169","15,058","8,106","1,035","21","67,316","67,316","3,120","4,551","9,364","8,846","9,222","11,503","11,117","6,366","2,977","250","0","73,286","73,286","2,862","4,241","9,664","7,640","9,267","11,933","13,052","8,692","5,129","785","21"
"대구광역시 북구 (2723000000)","429,673","429,673","29,113","41,180","59,377","50,349","67,014","77,354","59,612","29,720","14,296","1,617","41","213,349","213,349","14,840","21,255","32,032","26,898","32,886","38,106","29,002","12,860","5,127","341","2","216,324","216,324","14,273","19,925","27,345","23,451","34,128","39,248","30,610","16,860","9,169","1,276","39"
"대구광역시 수성구 (2726000000)","410,184","410,184","26,934","48,411","49,628","40,609","67,421","74,214","55,297","30,005","15,493","2,125","47","197,995","197,995","13,857","25,400","26,566","20,349","30,741","35,544","26,136","13,063","5,814","521","4","212,189","212,189","13,077","23,011","23,062","20,260","36,680","38,670","29,161","16,942","9,679","1,604","43"
"대구광역시 달서구 (2729000000)","535,409","535,409","34,334","51,921","70,702","61,448","82,050","99,081","79,920","36,903","16,971","2,043","36","262,991","262,991","17,620","26,718","37,312","32,609","39,875","47,544","38,411","16,500","5,954","443","5","272,418","272,418","16,714","25,203","33,390","28,839","42,175","51,537","41,509","20,403","11,017","1,600","31"
"대구광역시 달성군 (2771000000)","262,713","262,713","26,874","25,516","26,862","38,819","45,435","41,129","34,272","15,615","7,220","956","15","133,106","133,106","13,656","13,269","14,866","20,411","23,564","20,469","16,939","7,307","2,418","202","5","129,607","129,607","13,218","12,247","11,996","18,408","21,871","20,660","17,333","8,308","4,802","754","10"
"인천광역시  (2800000000)","2,952,014","2,952,014","208,806","272,303","375,394","403,139","478,493","505,401","417,713","187,362","89,390","13,610","403","1,476,149","1,476,149","106,988","139,788","195,477","209,226","244,999","251,869","206,301","86,752","31,815","2,861","73","1,475,865","1,475,865","101,818","132,515","179,917","193,913","233,494","253,532","211,412","100,610","57,575","10,749","330"
"인천광역시 중구 (2811000000)","151,874","151,874","12,067","13,978","19,370","23,778","26,799","22,623","18,254","9,807","4,463","711","24","78,751","78,751","6,270","7,144","9,969","12,879","14,447","12,421","9,216","4,591","1,659","149","6","73,123","73,123","5,797","6,834","9,401","10,899","12,352","10,202","9,038","5,216","2,804","562","18"
"인천광역시 중구영종출장소 (2811400000)","0","0","0","0","0","0","0","0","0","0","0","0","0","0","0","0","0","0","0","0","0","0","0","0","0","0","0","0","0","0","0","0","0","0","0","0","0","0","0"
"인천광역시 중구용유출장소 (2811800000)","0","0","0","0","0","0","0","0","0","0","0","0","0","0","0","0","0","0","0","0","0","0","0","0","0","0","0","0","0","0","0","0","0","0","0","0","0","0","0"
"인천광역시 동구 (2814000000)","58,696","58,696","3,083","4,731","5,943","6,434","9,103","9,425","10,020","6,386","3,110","451","10","29,515","29,515","1,615","2,449","3,214","3,476","4,855","4,996","4,902","2,793","1,125","88","2","29,181","29,181","1,468","2,282","2,729","2,958","4,248","4,429","5,118","3,593","1,985","363","8"
"인천광역시 미추홀구 (2817700000)","403,367","403,367","24,663","31,480","54,227","54,803","62,561","66,132","60,254","32,002","15,115","2,075","55","202,748","202,748","12,585","16,213","28,495","29,424","33,084","33,537","28,817","14,494","5,617","472","10","200,619","200,619","12,078","15,267","25,732","25,379","29,477","32,595","31,437","17,508","9,498","1,603","45"
"인천광역시 연수구 (2818500000)","384,000","384,000","34,555","43,598","47,845","53,553","68,091","64,378","45,671","16,668","8,161","1,437","43","190,438","190,438","17,628","22,269","25,015","26,353","33,329","31,654","23,201","7,858","2,811","309","11","193,562","193,562","16,927","21,329","22,830","27,200","34,762","32,724","22,470","8,810","5,350","1,128","32"
"인천광역시 남동구 (2820000000)","503,697","503,697","33,833","47,789","64,357","64,791","83,639","86,808","72,878","32,782","14,554","2,200","66","249,887","249,887","17,393","24,568","33,232","33,584","42,630","42,728","35,195","15,006","5,105","435","11","253,810","253,810","16,440","23,221","31,125","31,207","41,009","44,080","37,683","17,776","9,449","1,765","55"
"인천광역시 부평구 (2823700000)","486,325","486,325","28,992","40,569","64,625","68,105","73,291","86,206","73,454","32,972","15,774","2,262","75","239,613","239,613","14,826","21,041","32,928","35,483","37,001","41,665","35,532","15,144","5,516","466","11","246,712","246,712","14,166","19,528","31,697","32,622","36,290","44,541","37,922","17,828","10,258","1,796","64"
"인천광역시 계양구 (2824500000)","287,425","287,425","15,615","24,265","39,242","36,985","42,231","56,737","46,028","16,633","8,410","1,252","27","143,010","143,010","7,948","12,290","20,681","19,467","21,228","27,421","23,207","7,711","2,795","258","4","144,415","144,415","7,667","11,975","18,561","17,518","21,003","29,316","22,821","8,922","5,615","994","23"
"인천광역시 서구 (2826000000)","586,584","586,584","52,183","60,312","72,283","87,791","103,096","98,434","70,605","27,541","12,313","1,965","61","295,697","295,697","26,771","30,885","37,256","44,738","53,035","49,597","35,738","13,041","4,248","377","11","290,887","290,887","25,412","29,427","35,027","43,053","50,061","48,837","34,867","14,500","8,065","1,588","50"
"인천광역시 서구검단출장소 (2826500000)","0","0","0","0","0","0","0","0","0","0","0","0","0","0","0","0","0","0","0","0","0","0","0","0","0","0","0","0","0","0","0","0","0","0","0","0","0","0","0"
"인천광역시 강화군 (2871000000)","69,521","69,521","3,004","4,496","4,912","5,066","7,428","11,302","15,949","10,126","6,230","982","26","34,773","34,773","1,545","2,337","2,800","2,650","3,974","5,888","7,979","4,885","2,470","241","4","34,748","34,748","1,459","2,159","2,112","2,416","3,454","5,414","7,970","5,241","3,760","741","22"
"인천광역시 옹진군 (2872000000)","20,525","20,525","811","1,085","2,590","1,833","2,254","3,356","4,600","2,445","1,260","275","16","11,717","11,717","407","592","1,887","1,172","1,416","1,962","2,514","1,229","469","66","3","8,808","8,808","404","493","703","661","838","1,394","2,086","1,216","791","209","13"
"광주광역시  (2900000000)","1,426,350","1,426,350","106,955","150,761","198,173","176,718","231,599","236,629","176,589","95,854","46,629","6,277","166","704,369","704,369","54,768","78,094","103,300","90,687","115,018","117,139","84,179","42,563","17,228","1,379","14","721,981","721,981","52,187","72,667","94,873","86,031","116,581","119,490","92,410","53,291","29,401","4,898","152"
"광주광역시 동구 (2911000000)","105,068","105,068","7,626","7,491","14,805","14,007","14,336","15,424","15,089","10,138","5,422","715","15","51,854","51,854","3,925","3,880","7,582","7,183","7,553","7,665","7,104","4,468","2,291","202","1","53,214","53,214","3,701","3,611","7,223","6,824","6,783","7,759","7,985","5,670","3,131","513","14"
"광주광역시 서구 (2914000000)","286,298","286,298","18,741","29,027","42,463","34,121","45,283","49,417","36,669","19,874","9,389","1,272","42","140,025","140,025","9,663","15,261","21,784","17,437","22,011","24,067","17,166","8,853","3,486","294","3","146,273","146,273","9,078","13,766","20,679","16,684","23,272","25,350","19,503","11,021","5,903","978","39"
"광주광역시 남구 (2915500000)","211,879","211,879","15,737","22,599","26,043","24,170","33,686","32,604","29,247","17,994","8,603","1,164","32","101,591","101,591","8,012","11,313","13,293","12,054","16,523","15,595","13,287","7,935","3,318","256","5","110,288","110,288","7,725","11,286","12,750","12,116","17,163","17,009","15,960","10,059","5,285","908","27"
"광주광역시 북구 (2917000000)","423,343","423,343","30,459","40,878","58,228","53,502","64,995","70,896","57,570","30,478","14,366","1,923","48","209,508","209,508","15,562","21,473","30,625","27,808","32,703","34,703","27,242","13,648","5,322","420","2","213,835","213,835","14,897","19,405","27,603","25,694","32,292","36,193","30,328","16,830","9,044","1,503","46"
"광주광역시 광산구 (2920000000)","399,762","399,762","34,392","50,766","56,634","50,918","73,299","68,288","38,014","17,370","8,849","1,203","29","201,391","201,391","17,606","26,167","30,016","26,205","36,228","35,109","19,380","7,659","2,811","207","3","198,371","198,371","16,786","24,599","26,618","24,713","37,071","33,179","18,634","9,711","6,038","996","26"
"대전광역시  (3000000000)","1,440,724","1,440,724","102,195","140,143","203,463","187,213","225,345","237,751","196,404","94,937","46,564","6,532","177","717,919","717,919","52,514","72,460","106,570","98,403","111,983","118,570","95,075","43,512","17,268","1,538","26","722,805","722,805","49,681","67,683","96,893","88,810","113,362","119,181","101,329","51,425","29,296","4,994","151"
"대전광역시 동구 (3011000000)","218,851","218,851","13,187","19,116","29,152","24,434","32,335","35,600","34,732","19,415","9,622","1,226","32","109,987","109,987","6,851","9,870","15,434","13,201","16,821","18,360","16,776","8,818","3,543","307","6","108,864","108,864","6,336","9,246","13,718","11,233","15,514","17,240","17,956","10,597","6,079","919","26"
"대전광역시 중구 (3014000000)","226,092","226,092","13,037","20,418","28,865","24,466","33,779","37,921","34,929","20,675","10,572","1,387","43","111,064","111,064","6,622","10,480","14,657","12,699","16,954","19,202","16,715","9,292","4,072","361","10","115,028","115,028","6,415","9,938","14,208","11,767","16,825","18,719","18,214","11,383","6,500","1,026","33"
"대전광역시 서구 (3017000000)","468,655","468,655","33,987","47,515","70,483","63,612","74,493","76,037","60,262","27,444","12,906","1,865","51","229,910","229,910","17,513","24,436","35,808","32,559","36,074","36,820","28,805","12,592","4,886","410","7","238,745","238,745","16,474","23,079","34,675","31,053","38,419","39,217","31,457","14,852","8,020","1,455","44"
"대전광역시 유성구 (3020000000)","355,099","355,099","32,133","37,953","52,261","55,065","59,924","55,620","38,958","14,743","7,183","1,230","29","179,623","179,623","16,501","19,775","28,192","29,063","29,361","27,732","19,215","6,979","2,519","284","2","175,476","175,476","15,632","18,178","24,069","26,002","30,563","27,888","19,743","7,764","4,664","946","27"
"대전광역시 대덕구 (3023000000)","172,027","172,027","9,851","15,141","22,702","19,636","24,814","32,573","27,523","12,660","6,281","824","22","87,335","87,335","5,027","7,899","12,479","10,881","12,773","16,456","13,564","5,831","2,248","176","1","84,692","84,692","4,824","7,242","10,223","8,755","12,041","16,117","13,959","6,829","4,033","648","21"
"울산광역시  (3100000000)","1,107,434","1,107,434","85,028","110,144","129,039","139,178","180,743","203,717","162,847","66,830","26,420","3,429","59","568,263","568,263","43,690","57,709","72,962","74,603","92,491","102,709","82,005","32,139","9,325","627","3","539,171","539,171","41,338","52,435","56,077","64,575","88,252","101,008","80,842","34,691","17,095","2,802","56"
"울산광역시 중구 (3111000000)","207,459","207,459","13,857","19,288","23,061","23,674","31,994","38,803","34,389","15,642","6,030","709","12","104,796","104,796","7,120","10,263","12,943","12,600","16,288","19,167","16,794","7,269","2,222","129","1","102,663","102,663","6,737","9,025","10,118","11,074","15,706","19,636","17,595","8,373","3,808","580","11"
"울산광역시 남구 (3114000000)","309,418","309,418","21,247","28,744","40,720","40,448","48,012","59,161","45,537","18,165","6,652","725","7","157,593","157,593","10,932","15,144","22,734","21,879","23,749","29,314","22,568","8,688","2,440","145","0","151,825","151,825","10,315","13,600","17,986","18,569","24,263","29,847","22,969","9,477","4,212","580","7"
"울산광역시 동구 (3117000000)","151,306","151,306","12,345","15,840","15,829","19,574","26,448","24,027","24,271","9,642","2,954","369","7","78,868","78,868","6,301","8,421","8,857","10,797","14,310","12,243","11,871","4,948","1,066","54","0","72,438","72,438","6,044","7,419","6,972","8,777","12,138","11,784","12,400","4,694","1,888","315","7"
"울산광역시 북구 (3120000000)","218,301","218,301","22,481","24,462","24,683","31,462","39,435","38,808","24,460","8,488","3,504","505","13","112,762","112,762","11,549","12,627","14,214","16,433","20,230","19,494","12,930","4,046","1,150","88","1","105,539","105,539","10,932","11,835","10,469","15,029","19,205","19,314","11,530","4,442","2,354","417","12"
"울산광역시 울주군 (3171000000)","220,950","220,950","15,098","21,810","24,746","24,020","34,854","42,918","34,190","14,893","7,280","1,121","20","114,244","114,244","7,788","11,254","14,214","12,894","17,914","22,491","17,842","7,188","2,447","211","1","106,706","106,706","7,310","10,556","10,532","11,126","16,940","20,427","16,348","7,705","4,833","910","19"
"세종특별자치시  (3600000000)","382,844","382,844","45,941","48,983","38,331","60,981","76,302","51,495","35,668","15,662","8,057","1,390","34","190,971","190,971","23,376","24,638","19,673","29,887","38,112","27,032","17,733","7,369","2,873","271","7","191,873","191,873","22,565","24,345","18,658","31,094","38,190","24,463","17,935","8,293","5,184","1,119","27"
"세종특별자치시  (3611000000)","382,844","382,844","45,941","48,983","38,331","60,981","76,302","51,495","35,668","15,662","8,057","1,390","34","190,971","190,971","23,376","24,638","19,673","29,887","38,112","27,032","17,733","7,369","2,873","271","7","191,873","191,873","22,565","24,345","18,658","31,094","38,190","24,463","17,935","8,293","5,184","1,119","27"
"경기도  (4100000000)","13,524,342","13,524,342","1,040,395","1,325,437","1,732,470","1,874,432","2,270,352","2,275,312","1,739,177","805,242","402,251","57,657","1,617","6,802,858","6,802,858","532,341","679,321","913,556","973,810","1,154,466","1,149,020","866,061","369,840","150,381","13,749","313","6,721,484","6,721,484","508,054","646,116","818,914","900,622","1,115,886","1,126,292","873,116","435,402","251,870","43,908","1,304"
"북부출장소  (4110500000)","0","0","0","0","0","0","0","0","0","0","0","0","0","0","0","0","0","0","0","0","0","0","0","0","0","0","0","0","0","0","0","0","0","0","0","0","0","0","0"
"경기도 수원시 (4111000000)","1,185,567","1,185,567","86,745","115,052","179,477","179,890","197,012","197,366","137,582","59,483","28,664","4,180","116","596,443","596,443","44,735","59,279","94,006","94,901","99,034","98,108","68,141","26,862","10,374","985","18","589,124","589,124","42,010","55,773","85,471","84,989","97,978","99,258","69,441","32,621","18,290","3,195","98"
"경기도 수원시 장안구 (4111100000)","269,239","269,239","15,968","26,988","41,867","32,825","42,225","48,567","34,729","16,193","8,515","1,327","35","135,341","135,341","8,151","13,947","22,911","17,468","20,819","24,211","17,158","7,181","3,171","319","5","133,898","133,898","7,817","13,041","18,956","15,357","21,406","24,356","17,571","9,012","5,344","1,008","30"
"경기도 수원시 권선구 (4111300000)","366,086","366,086","27,972","32,986","51,253","56,779","60,678","61,837","45,934","18,832","8,537","1,237","41","184,849","184,849","14,441","17,083","26,679","30,061","31,404","30,390","22,771","8,701","3,026","288","5","181,237","181,237","13,531","15,903","24,574","26,718","29,274","31,447","23,163","10,131","5,511","949","36"
"경기도 수원시 팔달구 (4111500000)","191,181","191,181","11,483","14,063","30,707","30,444","28,165","31,420","25,615","12,589","5,919","755","21","96,078","96,078","5,888","7,206","15,560","16,548","14,564","15,863","12,430","5,645","2,183","187","4","95,103","95,103","5,595","6,857","15,147","13,896","13,601","15,557","13,185","6,944","3,736","568","17"
"경기도 수원시 영통구 (4111700000)","359,061","359,061","31,322","41,015","55,650","59,842","65,944","55,542","31,304","11,869","5,693","861","19","180,175","180,175","16,255","21,043","28,856","30,824","32,247","27,644","15,782","5,335","1,994","191","4","178,886","178,886","15,067","19,972","26,794","29,018","33,697","27,898","15,522","6,534","3,699","670","15"
"경기도 성남시 (4113000000)","916,725","916,725","62,577","84,517","120,823","133,120","148,880","152,755","122,313","59,394","27,961","4,256","129","453,715","453,715","31,913","43,320","62,035","68,174","73,342","76,207","59,657","27,110","10,869","1,054","34","463,010","463,010","30,664","41,197","58,788","64,946","75,538","76,548","62,656","32,284","17,092","3,202","95"
"경기도 성남시 수정구 (4113100000)","229,090","229,090","13,761","16,393","31,561","33,645","34,749","38,507","34,945","17,432","7,216","855","26","116,060","116,060","6,983","8,399","16,654","18,049","18,261","19,817","17,116","7,913","2,681","183","4","113,030","113,030","6,778","7,994","14,907","15,596","16,488","18,690","17,829","9,519","4,535","672","22"
"경기도 성남시 중원구 (4113300000)","209,277","209,277","12,397","15,258","28,134","31,714","30,864","35,454","32,468","15,573","6,582","810","23","105,698","105,698","6,263","7,885","14,579","17,124","16,199","17,916","15,884","7,195","2,490","158","5","103,579","103,579","6,134","7,373","13,555","14,590","14,665","17,538","16,584","8,378","4,092","652","18"
"경기도 성남시 분당구 (4113500000)","478,358","478,358","36,419","52,866","61,128","67,761","83,267","78,794","54,900","26,389","14,163","2,591","80","231,957","231,957","18,667","27,036","30,802","33,001","38,882","38,474","26,657","12,002","5,698","713","25","246,401","246,401","17,752","25,830","30,326","34,760","44,385","40,320","28,243","14,387","8,465","1,878","55"
"경기도 의정부시 (4115000000)","460,937","460,937","31,449","40,985","61,898","60,126","71,615","80,611","63,820","32,051","16,290","2,041","51","226,485","226,485","16,318","20,984","31,129","30,796","36,181","39,459","30,857","14,172","6,099","480","10","234,452","234,452","15,131","20,001","30,769","29,330","35,434","41,152","32,963","17,879","10,191","1,561","41"
"경기도 안양시 (4117000000)","545,641","545,641","36,968","49,874","71,281","78,687","84,031","94,378","78,529","33,574","15,873","2,394","52","269,403","269,403","18,847","25,841","36,868","40,501","41,576","45,727","38,180","15,615","5,682","559","7","276,238","276,238","18,121","24,033","34,413","38,186","42,455","48,651","40,349","17,959","10,191","1,835","45"
"경기도 안양시 만안구 (4117100000)","233,243","233,243","14,058","17,402","31,288","32,971","33,045","40,953","37,356","17,144","7,912","1,086","28","116,386","116,386","7,077","9,107","16,255","17,397","17,115","19,994","18,247","8,026","2,926","240","2","116,857","116,857","6,981","8,295","15,033","15,574","15,930","20,959","19,109","9,118","4,986","846","26"
"경기도 안양시 동안구 (4117300000)","312,398","312,398","22,910","32,472","39,993","45,716","50,986","53,425","41,173","16,430","7,961","1,308","24","153,017","153,017","11,770","16,734","20,613","23,104","24,461","25,733","19,933","7,589","2,756","319","5","159,381","159,381","11,140","15,738","19,380","22,612","26,525","27,692","21,240","8,841","5,205","989","19"
"경기도 부천시 (4119000000)","785,980","785,980","48,749","66,353","104,046","108,395","120,966","139,777","122,346","49,707","22,246","3,292","103","388,721","388,721","25,031","33,967","53,632","55,897","61,075","67,537","59,730","23,348","7,776","707","21","397,259","397,259","23,718","32,386","50,414","52,498","59,891","72,240","62,616","26,359","14,470","2,585","82"
"경기도 광명시 (4121000000)","286,560","286,560","20,307","29,143","34,775","38,263","48,270","48,247","39,785","18,214","8,350","1,169","37","140,884","140,884","10,345","14,955","17,987","19,606","23,681","23,979","18,862","8,313","2,889","261","6","145,676","145,676","9,962","14,188","16,788","18,657","24,589","24,268","20,923","9,901","5,461","908","31"
"경기도 평택시 (4122000000)","575,752","575,752","49,164","55,374","77,652","88,764","99,329","93,593","64,220","29,486","15,993","2,127","50","301,825","301,825","24,966","28,409","43,699","49,584","53,484","49,581","32,600","13,186","5,810","498","8","273,927","273,927","24,198","26,965","33,953","39,180","45,845","44,012","31,620","16,300","10,183","1,629","42"
"경기도 송탄출장소 (4122200000)","0","0","0","0","0","0","0","0","0","0","0","0","0","0","0","0","0","0","0","0","0","0","0","0","0","0","0","0","0","0","0","0","0","0","0","0","0","0","0"
"경기도 안중출장소 (4122400000)","0","0","0","0","0","0","0","0","0","0","0","0","0","0","0","0","0","0","0","0","0","0","0","0","0","0","0","0","0","0","0","0","0","0","0","0","0","0","0"
"경기도 동두천시 (4125000000)","90,866","90,866","5,293","8,191","10,355","9,404","13,019","16,068","14,451","8,410","5,049","612","14","45,323","45,323","2,726","4,135","5,574","4,974","6,669","8,484","7,161","3,599","1,838","160","3","45,543","45,543","2,567","4,056","4,781","4,430","6,350","7,584","7,290","4,811","3,211","452","11"
"경기도 안산시 (4127000000)","637,719","637,719","38,435","58,699","99,444","83,504","98,426","125,040","84,244","31,334","16,143","2,395","55","326,489","326,489","19,661","30,200","52,926","45,589","50,829","62,898","44,091","14,357","5,413","518","7","311,230","311,230","18,774","28,499","46,518","37,915","47,597","62,142","40,153","16,977","10,730","1,877","48"
"경기도 안산시 상록구 (4127100000)","342,450","342,450","19,928","31,801","54,704","43,041","52,271","67,900","44,787","17,309","9,311","1,369","29","174,456","174,456","10,191","16,297","29,085","23,424","26,767","34,069","23,413","7,777","3,112","319","2","167,994","167,994","9,737","15,504","25,619","19,617","25,504","33,831","21,374","9,532","6,199","1,050","27"
"경기도 안산시 단원구 (4127300000)","295,269","295,269","18,507","26,898","44,740","40,463","46,155","57,140","39,457","14,025","6,832","1,026","26","152,033","152,033","9,470","13,903","23,841","22,165","24,062","28,829","20,678","6,580","2,301","199","5","143,236","143,236","9,037","12,995","20,899","18,298","22,093","28,311","18,779","7,445","4,531","827","21"
"경기도 고양시 (4128000000)","1,070,080","1,070,080","73,858","100,866","139,737","142,417","171,568","195,770","139,852","62,729","37,624","5,516","143","522,415","522,415","37,533","51,466","71,148","71,077","83,456","95,252","69,991","27,351","13,656","1,450","35","547,665","547,665","36,325","49,400","68,589","71,340","88,112","100,518","69,861","35,378","23,968","4,066","108"
"경기도 고양시 덕양구 (4128100000)","487,629","487,629","36,443","41,487","60,245","70,926","78,096","84,010","65,338","31,283","17,383","2,363","55","240,017","240,017","18,514","21,155","30,756","35,673","39,289","41,522","32,372","13,751","6,388","584","13","247,612","247,612","17,929","20,332","29,489","35,253","38,807","42,488","32,966","17,532","10,995","1,779","42"
"경기도 고양시 일산동구 (4128500000)","293,898","293,898","18,550","28,218","41,059","37,548","47,180","56,055","38,109","15,745","9,791","1,601","42","142,643","142,643","9,457","14,419","20,650","18,623","22,382","26,998","19,292","6,905","3,488","417","12","151,255","151,255","9,093","13,799","20,409","18,925","24,798","29,057","18,817","8,840","6,303","1,184","30"
"경기도 고양시 일산서구 (4128700000)","288,553","288,553","18,865","31,161","38,433","33,943","46,292","55,705","36,405","15,701","10,450","1,552","46","139,755","139,755","9,562","15,892","19,742","16,781","21,785","26,732","18,327","6,695","3,780","449","10","148,798","148,798","9,303","15,269","18,691","17,162","24,507","28,973","18,078","9,006","6,670","1,103","36"
"경기도 과천시 (4129000000)","77,600","77,600","7,302","7,485","9,724","11,565","11,821","12,868","9,887","4,285","2,241","414","8","38,169","38,169","3,778","3,844","5,005","5,712","5,814","6,197","4,867","1,973","865","111","3","39,431","39,431","3,524","3,641","4,719","5,853","6,007","6,671","5,020","2,312","1,376","303","5"
"경기도 구리시 (4131000000)","187,795","187,795","12,729","17,050","24,271","24,187","30,384","34,109","26,777","11,998","5,583","690","17","92,932","92,932","6,575","8,753","12,424","12,244","15,215","16,649","13,328","5,417","2,136","187","4","94,863","94,863","6,154","8,297","11,847","11,943","15,169","17,460","13,449","6,581","3,447","503","13"
"경기도 남양주시 (4136000000)","733,723","733,723","59,351","79,417","83,854","88,067","131,118","123,750","94,227","48,244","22,546","3,043","106","364,274","364,274","30,516","40,833","43,575","43,707","65,243","62,787","46,118","22,053","8,718","709","15","369,449","369,449","28,835","38,584","40,279","44,360","65,875","60,963","48,109","26,191","13,828","2,334","91"
"경기도 풍양출장소 (4136200000)","0","0","0","0","0","0","0","0","0","0","0","0","0","0","0","0","0","0","0","0","0","0","0","0","0","0","0","0","0","0","0","0","0","0","0","0","0","0","0"
"경기도 오산시 (4137000000)","228,987","228,987","19,815","25,337","29,822","35,804","44,356","34,692","23,272","10,450","4,834","595","10","119,098","119,098","10,081","13,072","16,234","19,753","23,613","18,143","11,555","4,699","1,814","133","1","109,889","109,889","9,734","12,265","13,588","16,051","20,743","16,549","11,717","5,751","3,020","462","9"
"경기도 시흥시 (4139000000)","510,683","510,683","45,118","51,012","66,237","75,569","92,226","89,709","57,544","21,211","10,488","1,521","48","266,387","266,387","22,854","26,148","36,048","40,564","49,757","46,771","30,522","9,870","3,546","298","9","244,296","244,296","22,264","24,864","30,189","35,005","42,469","42,938","27,022","11,341","6,942","1,223","39"
"경기도 군포시 (4141000000)","265,077","265,077","17,229","24,828","35,090","36,910","40,968","46,613","37,926","15,644","8,504","1,323","42","131,522","131,522","8,857","12,844","18,318","19,491","20,219","22,712","18,459","7,184","3,075","356","7","133,555","133,555","8,372","11,984","16,772","17,419","20,749","23,901","19,467","8,460","5,429","967","35"
"경기도 의왕시 (4143000000)","159,511","159,511","11,938","13,719","21,020","22,190","23,341","28,314","24,010","9,503","4,669","786","21","79,052","79,052","6,110","7,083","11,037","11,344","11,723","13,520","11,779","4,558","1,719","177","2","80,459","80,459","5,828","6,636","9,983","10,846","11,618","14,794","12,231","4,945","2,950","609","19"
"경기도 하남시 (4145000000)","324,843","324,843","32,133","30,247","36,897","52,312","59,509","46,575","40,153","18,807","7,042","1,131","37","162,128","162,128","16,407","15,332","18,467","26,100","30,722","23,452","19,416","9,350","2,650","227","5","162,715","162,715","15,726","14,915","18,430","26,212","28,787","23,123","20,737","9,457","4,392","904","32"
"경기도 용인시 (4146000000)","1,069,925","1,069,925","87,471","120,975","134,314","135,596","193,136","175,348","117,124","67,748","33,406","4,672","135","530,736","530,736","44,728","61,869","70,264","67,701","94,905","88,625","56,779","30,261","14,270","1,307","27","539,189","539,189","42,743","59,106","64,050","67,895","98,231","86,723","60,345","37,487","19,136","3,365","108"
"경기도 용인시 처인구 (4146100000)","258,351","258,351","18,391","24,847","33,414","32,294","42,752","44,225","35,546","17,083","8,471","1,299","29","132,555","132,555","9,493","12,823","18,229","17,367","22,427","22,832","17,977","7,949","3,168","286","4","125,796","125,796","8,898","12,024","15,185","14,927","20,325","21,393","17,569","9,134","5,303","1,013","25"
"경기도 용인시 기흥구 (4146300000)","436,228","436,228","35,886","50,624","55,691","54,037","80,035","71,851","45,369","27,187","13,581","1,901","66","215,151","215,151","18,371","25,881","29,170","26,807","38,848","36,081","21,617","11,927","5,874","557","18","221,077","221,077","17,515","24,743","26,521","27,230","41,187","35,770","23,752","15,260","7,707","1,344","48"
"경기도 용인시 수지구 (4146500000)","375,346","375,346","33,194","45,504","45,209","49,265","70,349","59,272","36,209","23,478","11,354","1,472","40","183,030","183,030","16,864","23,165","22,865","23,527","33,630","29,712","17,185","10,385","5,228","464","5","192,316","192,316","16,330","22,339","22,344","25,738","36,719","29,560","19,024","13,093","6,126","1,008","35"
"경기도 파주시 (4148000000)","493,238","493,238","42,376","51,581","58,730","69,542","84,222","79,494","58,352","29,684","16,777","2,414","66","250,222","250,222","21,690","26,303","31,874","36,344","43,257","41,348","29,340","13,187","6,271","592","16","243,016","243,016","20,686","25,278","26,856","33,198","40,965","38,146","29,012","16,497","10,506","1,822","50"
"경기도 이천시 (4150000000)","221,977","221,977","16,599","22,092","30,199","30,371","34,836","35,547","29,873","13,886","7,526","1,020","28","115,477","115,477","8,554","11,438","17,344","16,568","18,160","18,437","15,410","6,530","2,783","248","5","106,500","106,500","8,045","10,654","12,855","13,803","16,676","17,110","14,463","7,356","4,743","772","23"
"경기도 안성시 (4155000000)","188,054","188,054","12,192","17,477","22,537","21,884","29,614","31,920","28,489","14,482","8,218","1,210","31","97,114","97,114","6,353","9,000","12,431","12,111","15,833","16,893","14,446","6,823","2,965","256","3","90,940","90,940","5,839","8,477","10,106","9,773","13,781","15,027","14,043","7,659","5,253","954","28"
"경기도 김포시 (4157000000)","482,242","482,242","49,219","51,641","50,248","69,949","93,126","69,998","55,719","28,017","12,507","1,775","43","240,861","240,861","25,178","26,245","25,774","34,181","48,007","35,713","27,279","13,173","4,873","428","10","241,381","241,381","24,041","25,396","24,474","35,768","45,119","34,285","28,440","14,844","7,634","1,347","33"
"경기도 화성시 (4159000000)","908,365","908,365","96,689","105,856","109,572","149,908","177,650","128,811","84,433","35,897","17,022","2,457","70","472,024","472,024","49,441","53,868","59,590","79,039","93,717","69,082","43,443","16,991","6,340","497","16","436,341","436,341","47,248","51,988","49,982","70,869","83,933","59,729","40,990","18,906","10,682","1,960","54"
"경기도 화성시동부출장소 (4159200000)","0","0","0","0","0","0","0","0","0","0","0","0","0","0","0","0","0","0","0","0","0","0","0","0","0","0","0","0","0","0","0","0","0","0","0","0","0","0","0"
"경기도 화성시동탄출장소 (4159400000)","0","0","0","0","0","0","0","0","0","0","0","0","0","0","0","0","0","0","0","0","0","0","0","0","0","0","0","0","0","0","0","0","0","0","0","0","0","0","0"
"경기도 광주시 (4161000000)","389,936","389,936","31,658","34,843","43,461","54,159","68,520","66,293","54,982","24,397","10,220","1,351","52","198,850","198,850","16,127","17,826","23,128","28,190","36,031","34,005","27,387","11,849","4,020","278","9","191,086","191,086","15,531","17,017","20,333","25,969","32,489","32,288","27,595","12,548","6,200","1,073","43"
"경기도 양주시 (4163000000)","242,275","242,275","19,264","25,022","27,637","28,825","40,130","40,933","33,263","17,199","8,741","1,221","40","122,522","122,522","9,774","12,611","14,874","15,022","20,424","21,364","16,784","8,044","3,344","275","6","119,753","119,753","9,490","12,411","12,763","13,803","19,706","19,569","16,479","9,155","5,397","946","34"
"경기도 포천시 (4165000000)","146,044","146,044","7,407","11,266","17,106","14,287","18,529","28,333","28,078","12,648","7,317","1,040","33","77,292","77,292","3,813","5,876","9,810","8,088","9,959","15,513","15,282","6,033","2,664","244","10","68,752","68,752","3,594","5,390","7,296","6,199","8,570","12,820","12,796","6,615","4,653","796","23"
"경기도 여주시 (4167000000)","112,789","112,789","6,556","9,360","11,469","11,066","15,699","19,902","20,850","10,851","6,079","931","26","57,346","57,346","3,378","4,866","6,254","5,907","8,021","10,415","10,652","5,309","2,315","225","4","55,443","55,443","3,178","4,494","5,215","5,159","7,678","9,487","10,198","5,542","3,764","706","22"
"경기도 연천군 (4180000000)","41,830","41,830","2,278","2,914","4,783","3,961","4,523","6,724","8,271","4,822","3,122","420","12","21,995","21,995","1,169","1,529","3,060","2,318","2,450","3,644","4,333","2,245","1,131","112","4","19,835","19,835","1,109","1,385","1,723","1,643","2,073","3,080","3,938","2,577","1,991","308","8"
"경기도 가평군 (4182000000)","61,883","61,883","2,901","4,426","5,909","5,378","7,508","10,825","13,275","7,070","4,009","565","17","31,950","31,950","1,479","2,260","3,428","2,957","4,028","5,774","6,841","3,438","1,585","154","6","29,933","29,933","1,422","2,166","2,481","2,421","3,480","5,051","6,434","3,632","2,424","411","11"
"경기도 양평군 (4183000000)","121,738","121,738","6,625","9,835","10,102","10,332","16,020","20,949","25,530","14,017","7,207","1,096","25","61,204","61,204","3,404","5,165","5,613","5,370","8,041","10,744","12,771","6,940","2,891","263","2","60,534","60,534","3,221","4,670","4,489","4,962","7,979","10,205","12,759","7,077","4,316","833","23"
"강원도  (4200000000)","1,531,134","1,531,134","96,000","132,023","169,771","159,779","214,693","260,487","266,921","137,806","81,393","11,932","329","769,925","769,925","49,139","68,494","95,369","84,608","109,327","134,458","133,512","63,020","29,339","2,596","63","761,209","761,209","46,861","63,529","74,402","75,171","105,366","126,029","133,409","74,786","52,054","9,336","266"
"동해출장소  (4210500000)","0","0","0","0","0","0","0","0","0","0","0","0","0","0","0","0","0","0","0","0","0","0","0","0","0","0","0","0","0","0","0","0","0","0","0","0","0","0","0"
"강원도 춘천시 (4211000000)","285,562","285,562","20,028","26,318","37,324","34,256","41,407","46,450","43,022","21,238","13,455","2,009","55","140,888","140,888","10,225","13,622","19,981","17,669","20,350","23,372","20,834","9,428","4,901","491","15","144,674","144,674","9,803","12,696","17,343","16,587","21,057","23,078","22,188","11,810","8,554","1,518","40"
"강원도 원주시 (4213000000)","359,451","359,451","26,423","35,167","43,822","45,281","56,441","61,234","52,029","23,090","13,832","2,081","51","178,078","178,078","13,522","18,091","23,402","23,020","27,724","30,637","25,777","10,508","4,933","456","8","181,373","181,373","12,901","17,076","20,420","22,261","28,717","30,597","26,252","12,582","8,899","1,625","43"
"강원도 강릉시 (4215000000)","210,667","210,667","12,138","17,985","23,751","20,547","30,762","35,992","36,316","20,239","11,138","1,745","54","104,445","104,445","6,285","9,421","13,074","10,926","15,536","18,290","17,371","9,116","4,055","364","7","106,222","106,222","5,853","8,564","10,677","9,621","15,226","17,702","18,945","11,123","7,083","1,381","47"
"강원도 동해시 (4217000000)","89,087","89,087","5,828","8,441","8,911","8,384","13,795","15,552","15,022","8,221","4,332","589","12","45,232","45,232","2,988","4,405","5,224","4,550","7,153","8,144","7,300","3,732","1,621","112","3","43,855","43,855","2,840","4,036","3,687","3,834","6,642","7,408","7,722","4,489","2,711","477","9"
"강원도 태백시 (4219000000)","39,297","39,297","2,007","3,556","3,207","2,970","5,748","6,828","7,664","4,773","2,326","212","6","19,806","19,806","1,074","1,848","1,846","1,599","3,011","3,683","3,800","2,096","819","29","1","19,491","19,491","933","1,708","1,361","1,371","2,737","3,145","3,864","2,677","1,507","183","5"
"강원도 속초시 (4221000000)","82,444","82,444","5,397","7,048","8,624","9,089","11,928","14,921","14,254","6,957","3,615","601","10","40,839","40,839","2,745","3,632","4,866","4,967","5,922","7,352","6,908","3,037","1,293","114","3","41,605","41,605","2,652","3,416","3,758","4,122","6,006","7,569","7,346","3,920","2,322","487","7"
"강원도 삼척시 (4223000000)","63,291","63,291","3,394","5,009","6,728","5,065","8,268","10,690","12,054","7,098","4,289","678","18","32,065","32,065","1,728","2,582","3,792","2,722","4,481","5,849","6,114","3,255","1,404","138","0","31,226","31,226","1,666","2,427","2,936","2,343","3,787","4,841","5,940","3,843","2,885","540","18"
"강원도 홍천군 (4272000000)","67,774","67,774","3,380","4,749","6,113","5,605","7,668","11,667","15,431","7,599","4,841","698","23","34,833","34,833","1,721","2,412","3,676","3,078","4,095","6,164","8,003","3,762","1,759","161","2","32,941","32,941","1,659","2,337","2,437","2,527","3,573","5,503","7,428","3,837","3,082","537","21"
"강원도 횡성군 (4273000000)","46,349","46,349","1,992","3,435","3,405","3,128","4,769","8,205","11,421","5,819","3,624","536","15","23,782","23,782","1,055","1,804","1,962","1,686","2,604","4,342","5,972","2,886","1,371","100","0","22,567","22,567","937","1,631","1,443","1,442","2,165","3,863","5,449","2,933","2,253","436","15"
"강원도 영월군 (4275000000)","37,551","37,551","1,467","2,677","2,957","2,475","4,214","6,825","8,687","4,853","3,015","370","11","19,417","19,417","776","1,470","1,662","1,381","2,257","3,793","4,627","2,285","1,081","82","3","18,134","18,134","691","1,207","1,295","1,094","1,957","3,032","4,060","2,568","1,934","288","8"
"강원도 평창군 (4276000000)","40,855","40,855","1,577","2,702","3,097","2,707","4,814","7,602","9,779","5,198","2,958","408","13","21,098","21,098","776","1,446","1,871","1,461","2,619","4,093","5,146","2,503","1,099","83","1","19,757","19,757","801","1,256","1,226","1,246","2,195","3,509","4,633","2,695","1,859","325","12"
"강원도 정선군 (4277000000)","34,811","34,811","1,439","2,331","2,483","2,488","4,430","6,430","7,948","4,414","2,504","333","11","18,186","18,186","732","1,188","1,476","1,398","2,534","3,659","4,222","2,015","887","72","3","16,625","16,625","707","1,143","1,007","1,090","1,896","2,771","3,726","2,399","1,617","261","8"
"강원도 철원군 (4278000000)","42,165","42,165","2,951","3,408","4,795","4,401","5,135","6,693","7,465","4,377","2,570","360","10","21,813","21,813","1,460","1,801","3,038","2,478","2,692","3,581","3,794","1,960","912","96","1","20,352","20,352","1,491","1,607","1,757","1,923","2,443","3,112","3,671","2,417","1,658","264","9"
"강원도 화천군 (4279000000)","23,332","23,332","1,574","1,657","3,138","2,602","2,493","3,629","4,242","2,181","1,595","211","10","12,533","12,533","818","827","2,086","1,541","1,352","1,954","2,322","1,013","560","55","5","10,799","10,799","756","830","1,052","1,061","1,141","1,675","1,920","1,168","1,035","156","5"
"강원도 양구군 (4280000000)","21,347","21,347","1,552","1,881","2,611","2,389","2,425","3,258","3,813","1,909","1,324","180","5","11,197","11,197","767","939","1,699","1,347","1,294","1,736","2,034","875","461","42","3","10,150","10,150","785","942","912","1,042","1,131","1,522","1,779","1,034","863","138","2"
"강원도 인제군 (4281000000)","32,164","32,164","2,386","2,315","4,025","3,947","3,971","4,963","5,893","2,704","1,693","261","6","17,509","17,509","1,215","1,213","2,754","2,311","2,170","2,663","3,193","1,298","628","60","4","14,655","14,655","1,171","1,102","1,271","1,636","1,801","2,300","2,700","1,406","1,065","201","2"
"강원도 고성군 (4282000000)","27,207","27,207","1,298","1,591","2,594","2,310","3,023","4,701","5,828","3,408","2,126","317","11","14,023","14,023","660","848","1,663","1,296","1,659","2,575","2,999","1,508","738","73","4","13,184","13,184","638","743","931","1,014","1,364","2,126","2,829","1,900","1,388","244","7"
"강원도 양양군 (4283000000)","27,780","27,780","1,169","1,753","2,186","2,135","3,402","4,847","6,053","3,728","2,156","343","8","14,181","14,181","592","945","1,297","1,178","1,874","2,571","3,096","1,743","817","68","0","13,599","13,599","577","808","889","957","1,528","2,276","2,957","1,985","1,339","275","8"
"충청북도  (4300000000)","1,590,524","1,590,524","109,383","145,783","187,957","186,785","235,026","267,030","250,744","123,681","73,699","10,164","272","807,996","807,996","55,928","75,539","104,603","101,185","121,432","137,401","126,487","57,291","25,870","2,210","50","782,528","782,528","53,455","70,244","83,354","85,600","113,594","129,629","124,257","66,390","47,829","7,954","222"
"충청북도 청주시 (4311000000)","847,159","847,159","66,819","84,852","115,304","116,311","135,571","137,238","110,588","49,717","26,915","3,756","88","427,677","427,677","34,114","43,796","63,014","62,224","68,669","68,578","54,393","22,721","9,363","792","13","419,482","419,482","32,705","41,056","52,290","54,087","66,902","68,660","56,195","26,996","17,552","2,964","75"
"충청북도 청주시 상당구 (4311100000)","195,933","195,933","15,396","19,756","23,894","23,864","30,576","33,345","27,831","12,959","7,294","994","24","97,297","97,297","7,795","10,167","12,897","12,277","15,187","16,507","13,844","5,883","2,527","209","4","98,636","98,636","7,601","9,589","10,997","11,587","15,389","16,838","13,987","7,076","4,767","785","20"
"충청북도 청주시 서원구 (4311200000)","190,641","190,641","11,731","19,007","27,486","21,937","28,609","33,297","27,841","12,945","6,846","924","18","95,052","95,052","6,029","9,858","14,943","11,690","14,141","16,415","13,443","5,871","2,461","200","1","95,589","95,589","5,702","9,149","12,543","10,247","14,468","16,882","14,398","7,074","4,385","724","17"
"충청북도 청주시 흥덕구 (4311300000)","267,193","267,193","22,357","26,340","38,884","41,027","43,450","42,759","31,748","13,079","6,546","978","25","135,787","135,787","11,407","13,579","21,135","22,001","22,012","21,399","15,733","6,038","2,275","202","6","131,406","131,406","10,950","12,761","17,749","19,026","21,438","21,360","16,015","7,041","4,271","776","19"
"충청북도 청주시 청원구 (4311400000)","193,392","193,392","17,335","19,749","25,040","29,483","32,936","27,837","23,168","10,734","6,229","860","21","99,541","99,541","8,883","10,192","14,039","16,256","17,329","14,257","11,373","4,929","2,100","181","2","93,851","93,851","8,452","9,557","11,001","13,227","15,607","13,580","11,795","5,805","4,129","679","19"
"충청북도 충주시 (4313000000)","207,674","207,674","12,922","18,163","22,416","22,318","29,728","36,156","35,458","17,830","11,149","1,496","38","105,123","105,123","6,552","9,414","12,815","12,339","15,297","18,488","17,842","8,066","3,970","332","8","102,551","102,551","6,370","8,749","9,601","9,979","14,431","17,668","17,616","9,764","7,179","1,164","30"
"충청북도 제천시 (4315000000)","130,636","130,636","7,510","11,393","14,168","11,830","16,979","23,004","24,722","12,845","7,296","856","33","65,630","65,630","3,852","5,857","7,887","6,359","8,663","11,805","12,357","5,985","2,675","185","5","65,006","65,006","3,658","5,536","6,281","5,471","8,316","11,199","12,365","6,860","4,621","671","28"
"충청북도 보은군 (4372000000)","31,378","31,378","1,226","1,949","2,120","1,900","3,008","5,349","7,556","4,409","3,302","547","12","15,838","15,838","629","1,038","1,281","1,043","1,656","2,933","3,962","2,066","1,109","120","1","15,540","15,540","597","911","839","857","1,352","2,416","3,594","2,343","2,193","427","11"
"충청북도 옥천군 (4373000000)","49,423","49,423","2,134","3,682","3,904","3,363","5,868","8,469","10,775","6,412","4,159","642","15","24,919","24,919","1,113","1,944","2,237","1,741","3,105","4,534","5,579","3,077","1,425","163","1","24,504","24,504","1,021","1,738","1,667","1,622","2,763","3,935","5,196","3,335","2,734","479","14"
"충청북도 영동군 (4374000000)","44,858","44,858","1,805","3,063","3,551","2,712","4,723","7,828","10,107","6,215","4,264","571","19","22,430","22,430","919","1,585","1,995","1,483","2,557","4,219","5,238","2,806","1,493","133","2","22,428","22,428","886","1,478","1,556","1,229","2,166","3,609","4,869","3,409","2,771","438","17"
"충청북도 증평군 (4374500000)","37,152","37,152","2,775","3,402","4,440","4,491","5,538","6,083","5,691","2,858","1,671","201","2","19,324","19,324","1,419","1,774","2,608","2,522","2,982","3,200","2,859","1,332","592","36","0","17,828","17,828","1,356","1,628","1,832","1,969","2,556","2,883","2,832","1,526","1,079","165","2"
"충청북도 진천군 (4375000000)","85,921","85,921","6,999","8,427","9,075","11,146","14,187","13,927","12,042","5,690","3,867","545","16","45,349","45,349","3,638","4,381","5,305","6,230","7,722","7,675","6,266","2,693","1,319","114","6","40,572","40,572","3,361","4,046","3,770","4,916","6,465","6,252","5,776","2,997","2,548","431","10"
"충청북도 괴산군 (4376000000)","36,960","36,960","1,209","1,835","2,351","2,134","3,497","6,773","9,630","5,402","3,608","507","14","19,033","19,033","605","947","1,387","1,198","1,980","3,739","5,142","2,652","1,267","112","4","17,927","17,927","604","888","964","936","1,517","3,034","4,488","2,750","2,341","395","10"
"충청북도 음성군 (4377000000)","91,658","91,658","5,010","7,255","8,743","8,878","13,083","17,076","17,218","8,444","5,167","761","23","48,591","48,591","2,579","3,842","4,981","5,118","7,264","9,470","9,243","4,099","1,834","153","8","43,067","43,067","2,431","3,413","3,762","3,760","5,819","7,606","7,975","4,345","3,333","608","15"
"충청북도 단양군 (4380000000)","27,705","27,705","974","1,762","1,885","1,702","2,844","5,127","6,957","3,859","2,301","282","12","14,082","14,082","508","961","1,093","928","1,537","2,760","3,606","1,794","823","70","2","13,623","13,623","466","801","792","774","1,307","2,367","3,351","2,065","1,478","212","10"
"충청남도  (4400000000)","2,116,457","2,116,457","152,449","202,152","230,634","252,505","325,484","339,791","312,597","173,659","109,651","17,105","430","1,082,549","1,082,549","78,064","104,667","128,093","136,518","172,924","180,271","158,112","80,965","38,834","4,051","50","1,033,908","1,033,908","74,385","97,485","102,541","115,987","152,560","159,520","154,485","92,694","70,817","13,054","380"
"충청남도 천안시 (4413000000)","655,119","655,119","54,210","67,884","91,784","99,183","111,814","104,483","74,178","32,055","16,932","2,526","70","335,121","335,121","27,786","35,011","48,801","52,957","58,077","53,397","37,709","14,871","5,956","549","7","319,998","319,998","26,424","32,873","42,983","46,226","53,737","51,086","36,469","17,184","10,976","1,977","63"
"충청남도 천안시 동남구 (4413100000)","254,647","254,647","17,411","25,598","33,710","30,920","41,399","43,282","35,724","16,411","8,796","1,360","36","129,018","129,018","8,948","13,239","17,934","16,469","21,269","22,029","17,988","7,678","3,163","297","4","125,629","125,629","8,463","12,359","15,776","14,451","20,130","21,253","17,736","8,733","5,633","1,063","32"
"충청남도 천안시 서북구 (4413300000)","400,472","400,472","36,799","42,286","58,074","68,263","70,415","61,201","38,454","15,644","8,136","1,166","34","206,103","206,103","18,838","21,772","30,867","36,488","36,808","31,368","19,721","7,193","2,793","252","3","194,369","194,369","17,961","20,514","27,207","31,775","33,607","29,833","18,733","8,451","5,343","914","31"
"충청남도 공주시 (4415000000)","102,243","102,243","4,832","7,965","10,859","8,530","12,395","17,235","20,055","11,409","7,674","1,255","34","51,039","51,039","2,499","4,138","5,860","4,619","6,499","8,895","10,074","5,421","2,713","317","4","51,204","51,204","2,333","3,827","4,999","3,911","5,896","8,340","9,981","5,988","4,961","938","30"
"충청남도 보령시 (4418000000)","96,931","96,931","5,189","7,820","8,578","8,409","12,881","16,265","18,412","11,405","6,901","1,046","25","49,097","49,097","2,622","4,037","4,969","4,603","7,040","8,724","9,183","5,196","2,499","221","3","47,834","47,834","2,567","3,783","3,609","3,806","5,841","7,541","9,229","6,209","4,402","825","22"
"충청남도 아산시 (4420000000)","333,460","333,460","30,888","37,281","37,529","48,506","60,880","49,888","37,178","18,875","10,797","1,603","35","173,662","173,662","15,959","19,159","21,009","25,900","32,852","27,101","18,890","8,538","3,883","367","4","159,798","159,798","14,929","18,122","16,520","22,606","28,028","22,787","18,288","10,337","6,914","1,236","31"
"충청남도 서산시 (4421000000)","175,970","175,970","13,770","17,155","18,261","20,843","27,500","28,837","24,838","14,154","9,038","1,529","45","91,746","91,746","6,977","9,040","11,027","11,701","14,630","15,428","12,532","6,834","3,228","345","4","84,224","84,224","6,793","8,115","7,234","9,142","12,870","13,409","12,306","7,320","5,810","1,184","41"
"충청남도 논산시 (4423000000)","112,328","112,328","6,141","9,158","10,204","9,826","14,034","18,727","21,440","12,705","8,654","1,404","35","56,058","56,058","3,126","4,693","5,749","5,241","7,445","9,866","10,866","5,794","2,935","335","8","56,270","56,270","3,015","4,465","4,455","4,585","6,589","8,861","10,574","6,911","5,719","1,069","27"
"충청남도 계룡시 (4425000000)","44,351","44,351","3,661","6,279","4,743","4,856","8,313","7,512","5,283","2,304","1,202","193","5","22,104","22,104","1,825","3,303","2,659","2,509","3,994","3,772","2,516","1,094","389","42","1","22,247","22,247","1,836","2,976","2,084","2,347","4,319","3,740","2,767","1,210","813","151","4"
"충청남도 당진시 (4427000000)","167,781","167,781","13,645","16,142","15,211","20,787","27,637","26,840","23,882","13,461","8,836","1,303","37","89,310","89,310","6,902","8,449","8,886","11,932","15,509","15,194","12,427","6,480","3,202","328","1","78,471","78,471","6,743","7,693","6,325","8,855","12,128","11,646","11,455","6,981","5,634","975","36"
"충청남도 금산군 (4471000000)","49,949","49,949","2,059","4,074","3,496","3,165","5,664","8,714","10,735","6,719","4,647","658","18","25,226","25,226","1,026","2,149","2,019","1,683","3,086","4,801","5,580","3,131","1,578","171","2","24,723","24,723","1,033","1,925","1,477","1,482","2,578","3,913","5,155","3,588","3,069","487","16"
"충청남도 부여군 (4476000000)","62,215","62,215","2,411","4,270","4,660","3,808","6,409","9,839","13,783","9,149","6,725","1,135","26","30,896","30,896","1,287","2,251","2,677","2,051","3,484","5,208","6,997","4,259","2,387","292","3","31,319","31,319","1,124","2,019","1,983","1,757","2,925","4,631","6,786","4,890","4,338","843","23"
"충청남도 서천군 (4477000000)","49,821","49,821","2,000","3,169","3,424","2,970","5,170","7,926","10,721","7,857","5,593","972","19","24,618","24,618","1,013","1,613","1,998","1,638","2,821","4,329","5,355","3,610","1,998","241","2","25,203","25,203","987","1,556","1,426","1,332","2,349","3,597","5,366","4,247","3,595","731","17"
"충청남도 청양군 (4479000000)","30,186","30,186","1,075","1,961","2,436","1,865","2,824","4,867","6,763","4,362","3,465","561","7","15,382","15,382","553","1,037","1,425","1,038","1,639","2,741","3,498","2,075","1,222","153","1","14,804","14,804","522","924","1,011","827","1,185","2,126","3,265","2,287","2,243","408","6"
"충청남도 홍성군 (4480000000)","97,821","97,821","6,715","9,430","8,858","9,520","13,738","15,510","16,094","10,001","6,870","1,057","28","48,687","48,687","3,495","4,854","4,876","4,953","6,996","8,265","7,993","4,589","2,404","259","3","49,134","49,134","3,220","4,576","3,982","4,567","6,742","7,245","8,101","5,412","4,466","798","25"
"충청남도 예산군 (4481000000)","77,137","77,137","3,274","5,419","6,133","5,907","8,960","12,779","16,085","10,246","7,263","1,042","29","38,713","38,713","1,681","2,805","3,497","3,272","4,819","6,924","8,070","4,751","2,648","243","3","38,424","38,424","1,593","2,614","2,636","2,635","4,141","5,855","8,015","5,495","4,615","799","26"
"충청남도 태안군 (4482500000)","61,145","61,145","2,579","4,145","4,458","4,330","7,265","10,369","13,150","8,957","5,054","821","17","30,890","30,890","1,313","2,128","2,641","2,421","4,033","5,626","6,422","4,322","1,792","188","4","30,255","30,255","1,266","2,017","1,817","1,909","3,232","4,743","6,728","4,635","3,262","633","13"
"전라북도  (4500000000)","1,764,352","1,764,352","110,373","167,413","197,832","175,872","252,384","296,543","276,196","168,305","103,478","15,508","448","877,631","877,631","56,473","86,482","107,380","91,145","129,193","154,144","137,375","76,525","35,470","3,384","60","886,721","886,721","53,900","80,931","90,452","84,727","123,191","142,399","138,821","91,780","68,008","12,124","388"
"전라북도 전주시 (4511000000)","649,705","649,705","47,689","69,325","88,756","78,801","102,513","107,461","83,580","45,393","22,910","3,178","99","319,209","319,209","24,373","35,722","46,694","40,192","50,065","52,907","39,594","20,383","8,513","757","9","330,496","330,496","23,316","33,603","42,062","38,609","52,448","54,554","43,986","25,010","14,397","2,421","90"
"전라북도 전주시 완산구 (4511100000)","331,562","331,562","21,519","33,739","46,546","38,307","49,840","57,109","45,641","24,725","12,287","1,786","63","161,250","161,250","11,070","17,539","24,230","19,535","23,890","27,564","21,371","11,133","4,489","424","5","170,312","170,312","10,449","16,200","22,316","18,772","25,950","29,545","24,270","13,592","7,798","1,362","58"
"전라북도 전주시 덕진구 (4511300000)","318,143","318,143","26,170","35,586","42,210","40,494","52,673","50,352","37,939","20,668","10,623","1,392","36","157,959","157,959","13,303","18,183","22,464","20,657","26,175","25,343","18,223","9,250","4,024","333","4","160,184","160,184","12,867","17,403","19,746","19,837","26,498","25,009","19,716","11,418","6,599","1,059","32"
"전라북도 전주시효자출장소 (4511800000)","0","0","0","0","0","0","0","0","0","0","0","0","0","0","0","0","0","0","0","0","0","0","0","0","0","0","0","0","0","0","0","0","0","0","0","0","0","0","0"
"전라북도 군산시 (4513000000)","261,569","261,569","17,902","25,831","27,652","27,273","41,692","44,225","40,059","23,479","11,614","1,800","42","132,395","132,395","9,071","13,313","15,356","14,354","21,729","23,383","19,839","10,878","4,109","357","6","129,174","129,174","8,831","12,518","12,296","12,919","19,963","20,842","20,220","12,601","7,505","1,443","36"
"전라북도 익산시 (4514000000)","272,641","272,641","15,949","26,382","33,310","26,345","38,617","47,656","43,483","24,621","14,026","2,203","49","135,741","135,741","8,183","13,483","18,169","13,795","19,718","24,261","21,615","11,278","4,757","476","6","136,900","136,900","7,766","12,899","15,141","12,550","18,899","23,395","21,868","13,343","9,269","1,727","43"
"전라북도 익산시함열출장소 (4514500000)","0","0","0","0","0","0","0","0","0","0","0","0","0","0","0","0","0","0","0","0","0","0","0","0","0","0","0","0","0","0","0","0","0","0","0","0","0","0","0"
"전라북도 정읍시 (4518000000)","104,720","104,720","5,310","8,923","9,785","8,061","13,448","17,947","18,188","12,553","9,092","1,374","39","52,097","52,097","2,715","4,700","5,485","4,309","7,057","9,661","9,224","5,617","3,052","271","6","52,623","52,623","2,595","4,223","4,300","3,752","6,391","8,286","8,964","6,936","6,040","1,103","33"
"전라북도 남원시 (4519000000)","77,782","77,782","4,177","6,816","6,746","5,784","9,616","13,354","13,871","9,430","6,912","1,036","40","38,148","38,148","2,189","3,548","3,739","2,983","4,842","7,155","7,030","4,181","2,242","229","10","39,634","39,634","1,988","3,268","3,007","2,801","4,774","6,199","6,841","5,249","4,670","807","30"
"전라북도 김제시 (4521000000)","81,259","81,259","3,689","5,972","7,006","6,154","9,398","13,217","15,599","10,890","7,937","1,360","37","40,362","40,362","1,908","3,037","3,933","3,211","5,215","7,345","7,951","4,878","2,570","306","8","40,897","40,897","1,781","2,935","3,073","2,943","4,183","5,872","7,648","6,012","5,367","1,054","29"
"전라북도 완주군 (4571000000)","92,234","92,234","6,034","8,328","8,692","9,095","13,260","15,282","15,556","9,131","5,920","912","24","47,427","47,427","3,016","4,379","4,835","4,739","7,178","8,471","8,217","4,383","2,021","184","4","44,807","44,807","3,018","3,949","3,857","4,356","6,082","6,811","7,339","4,748","3,899","728","20"
"전라북도 진안군 (4572000000)","24,499","24,499","985","1,568","1,676","1,406","2,339","4,283","5,429","3,634","2,751","415","13","12,472","12,472","498","816","976","689","1,342","2,432","2,941","1,759","931","86","2","12,027","12,027","487","752","700","717","997","1,851","2,488","1,875","1,820","329","11"
"전라북도 무주군 (4573000000)","23,455","23,455","953","1,745","1,587","1,503","2,635","3,991","4,861","3,181","2,610","371","18","11,711","11,711","506","880","895","822","1,447","2,220","2,572","1,393","888","87","1","11,744","11,744","447","865","692","681","1,188","1,771","2,289","1,788","1,722","284","17"
"전라북도 장수군 (4574000000)","21,314","21,314","929","1,587","1,459","1,301","2,288","3,524","4,452","3,063","2,366","332","13","10,702","10,702","485","807","868","673","1,292","1,975","2,326","1,436","746","93","1","10,612","10,612","444","780","591","628","996","1,549","2,126","1,627","1,620","239","12"
"전라북도 임실군 (4575000000)","26,436","26,436","1,233","1,525","1,783","1,743","2,494","4,365","5,470","4,002","3,300","506","15","13,549","13,549","641","806","1,053","918","1,509","2,509","3,017","1,868","1,101","124","3","12,887","12,887","592","719","730","825","985","1,856","2,453","2,134","2,199","382","12"
"전라북도 순창군 (4577000000)","26,676","26,676","1,151","2,109","1,894","1,641","3,002","4,365","5,257","3,748","3,064","434","11","13,109","13,109","593","1,083","1,082","837","1,640","2,412","2,761","1,623","959","118","1","13,567","13,567","558","1,026","812","804","1,362","1,953","2,496","2,125","2,105","316","10"
"전라북도 고창군 (4579000000)","52,188","52,188","2,246","3,881","3,724","3,371","5,500","8,576","10,304","7,769","5,876","908","33","25,918","25,918","1,185","2,123","2,133","1,802","3,097","4,805","5,185","3,513","1,897","177","1","26,270","26,270","1,061","1,758","1,591","1,569","2,403","3,771","5,119","4,256","3,979","731","32"
"전라북도 부안군 (4580000000)","49,874","49,874","2,126","3,421","3,762","3,394","5,582","8,297","10,087","7,411","5,100","679","15","24,791","24,791","1,110","1,785","2,162","1,821","3,062","4,608","5,103","3,335","1,684","119","2","25,083","25,083","1,016","1,636","1,600","1,573","2,520","3,689","4,984","4,076","3,416","560","13"
"전라남도  (4600000000)","1,813,529","1,813,529","114,850","161,466","185,629","171,774","246,553","310,162","293,144","188,519","122,744","18,155","533","912,775","912,775","58,727","83,214","103,912","90,214","131,068","167,059","149,475","85,668","39,748","3,637","53","900,754","900,754","56,123","78,252","81,717","81,560","115,485","143,103","143,669","102,851","82,996","14,518","480"
"전라남도 목포시 (4611000000)","216,318","216,318","14,837","23,791","25,393","22,471","35,424","36,323","30,441","18,162","8,397","1,054","25","107,445","107,445","7,670","12,148","13,734","11,481","18,250","18,455","14,451","8,101","2,930","223","2","108,873","108,873","7,167","11,643","11,659","10,990","17,174","17,868","15,990","10,061","5,467","831","23"
"전라남도 여수시 (4613000000)","274,161","274,161","18,405","25,170","31,486","28,822","39,622","47,572","43,157","25,728","12,321","1,823","55","139,473","139,473","9,398","12,890","17,805","15,540","20,786","25,056","21,331","12,048","4,267","347","5","134,688","134,688","9,007","12,280","13,681","13,282","18,836","22,516","21,826","13,680","8,054","1,476","50"
"전라남도 순천시 (4615000000)","278,116","278,116","21,233","29,001","34,918","31,845","41,396","48,932","38,144","19,523","11,341","1,731","52","138,640","138,640","10,881","14,979","19,133","16,390","20,336","24,541","19,198","9,037","3,779","362","4","139,476","139,476","10,352","14,022","15,785","15,455","21,060","24,391","18,946","10,486","7,562","1,369","48"
"전라남도 나주시 (4617000000)","116,236","116,236","9,219","9,874","11,591","13,981","16,888","17,439","17,533","11,104","7,457","1,118","32","58,607","58,607","4,742","5,042","6,102","7,220","9,244","9,569","9,063","5,035","2,341","244","5","57,629","57,629","4,477","4,832","5,489","6,761","7,644","7,870","8,470","6,069","5,116","874","27"
"전라남도 광양시 (4623000000)","151,928","151,928","12,020","15,717","18,951","18,058","23,008","29,831","19,687","8,696","5,061","873","26","79,378","79,378","6,134","8,147","10,933","9,718","12,027","16,102","10,387","4,127","1,654","147","2","72,550","72,550","5,886","7,570","8,018","8,340","10,981","13,729","9,300","4,569","3,407","726","24"
"전라남도 담양군 (4671000000)","45,698","45,698","2,038","2,946","4,190","3,396","4,893","8,086","9,081","6,007","4,386","648","27","23,117","23,117","1,007","1,516","2,463","1,745","2,736","4,473","4,797","2,781","1,444","153","2","22,581","22,581","1,031","1,430","1,727","1,651","2,157","3,613","4,284","3,226","2,942","495","25"
"전라남도 곡성군 (4672000000)","26,996","26,996","843","1,717","2,104","1,544","2,685","4,614","5,482","3,953","3,436","602","16","13,345","13,345","424","939","1,150","833","1,481","2,600","2,925","1,795","1,079","117","2","13,651","13,651","419","778","954","711","1,204","2,014","2,557","2,158","2,357","485","14"
"전라남도 구례군 (4673000000)","24,606","24,606","935","1,693","1,711","1,349","2,558","4,396","5,055","3,633","2,836","430","10","12,031","12,031","460","876","993","679","1,372","2,446","2,597","1,624","889","93","2","12,575","12,575","475","817","718","670","1,186","1,950","2,458","2,009","1,947","337","8"
"전라남도 고흥군 (4677000000)","61,710","61,710","2,198","3,525","3,646","3,210","5,687","9,644","13,227","10,834","8,289","1,405","45","30,070","30,070","1,102","1,868","2,143","1,719","3,254","5,484","6,718","4,820","2,669","287","6","31,640","31,640","1,096","1,657","1,503","1,491","2,433","4,160","6,509","6,014","5,620","1,118","39"
"전라남도 보성군 (4678000000)","38,393","38,393","1,338","2,402","2,494","2,096","3,695","6,312","7,851","6,206","5,086","883","30","18,777","18,777","694","1,239","1,427","1,141","2,091","3,549","4,073","2,765","1,606","187","5","19,616","19,616","644","1,163","1,067","955","1,604","2,763","3,778","3,441","3,480","696","25"
"전라남도 화순군 (4679000000)","61,835","61,835","2,948","5,344","6,462","4,516","7,469","11,353","10,623","7,011","5,355","736","18","30,530","30,530","1,509","2,802","3,453","2,339","3,788","6,123","5,641","3,068","1,645","162","0","31,305","31,305","1,439","2,542","3,009","2,177","3,681","5,230","4,982","3,943","3,710","574","18"
"전라남도 장흥군 (4680000000)","35,550","35,550","1,624","2,508","2,641","2,334","3,672","5,998","6,828","5,106","4,138","687","14","17,341","17,341","811","1,320","1,514","1,224","2,048","3,281","3,435","2,294","1,275","136","3","18,209","18,209","813","1,188","1,127","1,110","1,624","2,717","3,393","2,812","2,863","551","11"
"전라남도 강진군 (4681000000)","33,078","33,078","1,429","2,332","2,524","2,146","3,339","5,365","6,577","4,896","3,839","620","11","16,077","16,077","703","1,222","1,419","1,115","1,825","2,936","3,350","2,190","1,207","108","2","17,001","17,001","726","1,110","1,105","1,031","1,514","2,429","3,227","2,706","2,632","512","9"
"전라남도 해남군 (4682000000)","65,686","65,686","3,194","4,905","5,034","4,229","7,344","11,043","12,801","9,560","6,594","950","32","32,689","32,689","1,639","2,501","2,901","2,267","4,051","6,222","6,534","4,290","2,118","165","1","32,997","32,997","1,555","2,404","2,133","1,962","3,293","4,821","6,267","5,270","4,476","785","31"
"전라남도 영암군 (4683000000)","52,278","52,278","2,860","4,177","4,704","4,110","7,049","9,462","8,934","6,023","4,341","605","13","27,285","27,285","1,460","2,193","2,804","2,230","4,175","5,503","4,754","2,666","1,376","121","3","24,993","24,993","1,400","1,984","1,900","1,880","2,874","3,959","4,180","3,357","2,965","484","10"
"전라남도 무안군 (4684000000)","90,442","90,442","7,560","9,977","9,216","10,576","14,500","13,467","11,926","7,755","4,779","661","25","45,506","45,506","3,922","5,034","4,996","5,324","7,593","7,370","6,077","3,584","1,491","115","0","44,936","44,936","3,638","4,943","4,220","5,252","6,907","6,097","5,849","4,171","3,288","546","25"
"전라남도 함평군 (4686000000)","30,701","30,701","1,066","1,950","2,176","1,757","3,118","5,220","6,318","4,678","3,831","571","16","15,490","15,490","548","1,047","1,271","965","1,837","3,097","3,377","2,033","1,197","118","0","15,211","15,211","518","903","905","792","1,281","2,123","2,941","2,645","2,634","453","16"
"전라남도 영광군 (4687000000)","52,072","52,072","3,531","3,954","4,620","4,545","6,183","8,419","8,897","6,683","4,654","560","26","26,005","26,005","1,767","2,034","2,610","2,323","3,455","4,696","4,578","2,928","1,492","121","1","26,067","26,067","1,764","1,920","2,010","2,222","2,728","3,723","4,319","3,755","3,162","439","25"
"전라남도 장성군 (4688000000)","43,056","43,056","2,172","3,089","3,814","3,214","5,058","7,455","7,951","5,589","4,144","555","15","22,100","22,100","1,096","1,589","2,293","1,737","2,815","4,254","4,277","2,550","1,361","126","2","20,956","20,956","1,076","1,500","1,521","1,477","2,243","3,201","3,674","3,039","2,783","429","13"
"전라남도 완도군 (4689000000)","47,468","47,468","2,654","3,435","3,300","3,289","5,687","7,663","8,904","6,993","4,852","674","17","23,936","23,936","1,381","1,804","1,952","1,768","3,321","4,355","4,493","3,134","1,588","139","1","23,532","23,532","1,273","1,631","1,348","1,521","2,366","3,308","4,411","3,859","3,264","535","16"
"전라남도 진도군 (4690000000)","29,449","29,449","1,422","2,042","2,264","1,986","3,303","4,833","5,586","4,333","3,249","420","11","14,659","14,659","684","1,039","1,352","1,050","1,926","2,767","2,871","1,934","965","70","1","14,790","14,790","738","1,003","912","936","1,377","2,066","2,715","2,399","2,284","350","10"
"전라남도 신안군 (4691000000)","37,752","37,752","1,324","1,917","2,390","2,300","3,975","6,735","8,141","6,046","4,358","549","17","20,274","20,274","695","985","1,464","1,406","2,657","4,180","4,548","2,864","1,375","96","4","17,478","17,478","629","932","926","894","1,318","2,555","3,593","3,182","2,983","453","13"
"경상북도  (4700000000)","2,592,862","2,592,862","165,059","220,437","260,790","267,304","368,081","447,232","444,742","248,504","148,804","21,396","513","1,307,332","1,307,332","84,885","115,559","148,389","143,778","191,067","232,040","223,383","113,739","49,964","4,475","53","1,285,530","1,285,530","80,174","104,878","112,401","123,526","177,014","215,192","221,359","134,765","98,840","16,921","460"
"경상북도 포항시 (4711000000)","495,021","495,021","34,526","45,958","52,450","54,771","75,104","86,897","84,584","40,667","17,634","2,370","60","250,712","250,712","17,843","24,114","30,312","29,581","37,943","43,643","41,341","19,400","6,085","441","9","244,309","244,309","16,683","21,844","22,138","25,190","37,161","43,254","43,243","21,267","11,549","1,929","51"
"경상북도 포항시 남구 (4711100000)","226,723","226,723","15,020","20,967","24,647","24,605","34,796","39,923","38,853","19,131","7,808","948","25","117,342","117,342","7,754","11,001","14,826","13,599","18,097","20,790","19,173","9,199","2,738","160","5","109,381","109,381","7,266","9,966","9,821","11,006","16,699","19,133","19,680","9,932","5,070","788","20"
"경상북도 포항시 북구 (4711300000)","268,298","268,298","19,506","24,991","27,803","30,166","40,308","46,974","45,731","21,536","9,826","1,422","35","133,370","133,370","10,089","13,113","15,486","15,982","19,846","22,853","22,168","10,201","3,347","281","4","134,928","134,928","9,417","11,878","12,317","14,184","20,462","24,121","23,563","11,335","6,479","1,141","31"
"경상북도 경주시 (4713000000)","248,764","248,764","14,367","19,940","23,875","23,642","34,490","45,978","44,741","25,245","14,447","1,997","42","124,429","124,429","7,389","10,356","13,479","12,630","17,913","23,757","22,367","11,383","4,713","437","5","124,335","124,335","6,978","9,584","10,396","11,012","16,577","22,221","22,374","13,862","9,734","1,560","37"
"경상북도 김천시 (4715000000)","138,977","138,977","9,355","12,277","13,273","14,054","18,918","23,170","23,956","13,859","8,773","1,309","33","69,700","69,700","4,839","6,629","7,517","7,354","9,856","12,118","11,925","6,279","2,882","297","4","69,277","69,277","4,516","5,648","5,756","6,700","9,062","11,052","12,031","7,580","5,891","1,012","29"
"경상북도 안동시 (4717000000)","154,304","154,304","9,183","13,208","15,437","14,258","20,977","25,303","27,031","16,683","10,607","1,584","33","76,261","76,261","4,741","6,936","8,383","7,548","10,721","13,112","13,212","7,550","3,721","332","5","78,043","78,043","4,442","6,272","7,054","6,710","10,256","12,191","13,819","9,133","6,886","1,252","28"
"경상북도 구미시 (4719000000)","406,825","406,825","35,380","44,230","51,610","60,039","71,831","69,975","46,145","17,335","8,956","1,288","36","208,999","208,999","18,218","23,007","29,227","32,087","36,299","35,417","23,735","7,901","2,859","249","0","197,826","197,826","17,162","21,223","22,383","27,952","35,532","34,558","22,410","9,434","6,097","1,039","36"
"경상북도 영주시 (4721000000)","100,539","100,539","5,299","8,530","9,019","7,807","12,959","17,007","19,280","12,002","7,477","1,122","37","49,801","49,801","2,740","4,445","5,181","4,243","6,635","8,827","9,369","5,453","2,655","246","7","50,738","50,738","2,559","4,085","3,838","3,564","6,324","8,180","9,911","6,549","4,822","876","30"
"경상북도 영천시 (4723000000)","100,867","100,867","5,304","6,469","8,772","8,947","11,886","17,795","20,108","12,809","7,754","1,006","17","51,275","51,275","2,710","3,425","5,180","4,862","6,536","9,558","10,283","5,913","2,580","227","1","49,592","49,592","2,594","3,044","3,592","4,085","5,350","8,237","9,825","6,896","5,174","779","16"
"경상북도 상주시 (4725000000)","94,656","94,656","4,619","7,241","7,305","6,773","10,616","15,729","19,460","12,397","9,042","1,430","44","46,561","46,561","2,406","3,830","4,247","3,664","5,630","8,324","9,732","5,544","2,905","275","4","48,095","48,095","2,213","3,411","3,058","3,109","4,986","7,405","9,728","6,853","6,137","1,155","40"
"경상북도 문경시 (4728000000)","70,141","70,141","3,564","5,319","5,916","5,175","8,308","11,533","14,194","9,196","6,049","854","33","34,464","34,464","1,814","2,889","3,301","2,750","4,387","6,025","7,056","4,064","1,991","181","6","35,677","35,677","1,750","2,430","2,615","2,425","3,921","5,508","7,138","5,132","4,058","673","27"
"경상북도 경산시 (4729000000)","266,833","266,833","18,266","22,913","35,800","31,781","40,590","45,789","38,843","20,846","10,646","1,338","21","134,179","134,179","9,289","11,825","19,655","17,152","20,792","22,868","19,161","9,379","3,731","325","2","132,654","132,654","8,977","11,088","16,145","14,629","19,798","22,921","19,682","11,467","6,915","1,013","19"
"경상북도 군위군 (4772000000)","23,283","23,283","590","892","1,343","1,258","1,905","4,097","5,931","4,029","2,851","376","11","11,937","11,937","325","479","786","737","1,115","2,303","3,208","1,914","990","80","0","11,346","11,346","265","413","557","521","790","1,794","2,723","2,115","1,861","296","11"
"경상북도 의성군 (4773000000)","50,034","50,034","1,735","2,111","2,620","2,903","4,255","7,842","12,415","8,623","6,584","929","17","24,643","24,643","918","1,111","1,514","1,613","2,455","4,373","6,344","3,866","2,240","208","1","25,391","25,391","817","1,000","1,106","1,290","1,800","3,469","6,071","4,757","4,344","721","16"
"경상북도 청송군 (4775000000)","24,262","24,262","851","1,099","1,447","1,526","2,155","4,258","5,858","3,959","2,714","388","7","12,151","12,151","448","584","867","915","1,214","2,301","2,984","1,807","943","87","1","12,111","12,111","403","515","580","611","941","1,957","2,874","2,152","1,771","301","6"
"경상북도 영양군 (4776000000)","15,989","15,989","609","872","961","948","1,513","2,721","3,680","2,491","1,899","282","13","7,980","7,980","311","449","547","524","878","1,575","1,885","1,107","641","62","1","8,009","8,009","298","423","414","424","635","1,146","1,795","1,384","1,258","220","12"
"경상북도 영덕군 (4777000000)","34,536","34,536","1,379","1,936","2,066","2,054","3,421","5,811","7,515","5,596","4,170","575","13","16,425","16,425","683","993","1,208","1,080","1,854","3,150","3,681","2,349","1,313","114","0","18,111","18,111","696","943","858","974","1,567","2,661","3,834","3,247","2,857","461","13"
"경상북도 청도군 (4782000000)","41,492","41,492","1,297","2,169","2,430","2,375","4,102","6,920","10,085","6,822","4,555","728","9","20,470","20,470","671","1,104","1,415","1,298","2,282","3,660","5,199","3,205","1,510","126","0","21,022","21,022","626","1,065","1,015","1,077","1,820","3,260","4,886","3,617","3,045","602","9"
"경상북도 고령군 (4783000000)","30,282","30,282","1,166","1,845","2,191","1,924","3,436","5,553","6,727","4,248","2,804","379","9","15,531","15,531","595","996","1,260","1,055","1,891","3,146","3,604","1,994","902","87","1","14,751","14,751","571","849","931","869","1,545","2,407","3,123","2,254","1,902","292","8"
"경상북도 성주군 (4784000000)","42,431","42,431","1,674","2,133","2,841","3,021","4,335","7,725","10,252","6,152","3,698","586","14","22,082","22,082","854","1,159","1,724","1,684","2,541","4,302","5,509","2,917","1,267","121","4","20,349","20,349","820","974","1,117","1,337","1,794","3,423","4,743","3,235","2,431","465","10"
"경상북도 칠곡군 (4785000000)","112,140","112,140","7,777","11,185","10,911","12,695","20,206","20,296","15,677","7,792","4,869","714","18","58,613","58,613","3,976","5,878","6,403","6,881","10,859","11,008","8,285","3,579","1,580","164","0","53,527","53,527","3,801","5,307","4,508","5,814","9,347","9,288","7,392","4,213","3,289","550","18"
"경상북도 예천군 (4790000000)","55,659","55,659","4,183","4,587","3,985","5,114","7,246","7,755","10,016","6,631","5,335","787","20","27,347","27,347","2,075","2,416","2,224","2,633","3,773","4,140","5,082","3,041","1,804","158","1","28,312","28,312","2,108","2,171","1,761","2,481","3,473","3,615","4,934","3,590","3,531","629","19"
"경상북도 봉화군 (4792000000)","29,977","29,977","1,076","1,717","1,704","1,592","2,828","5,127","7,357","4,595","3,429","536","16","15,212","15,212","570","887","1,048","881","1,615","2,822","3,910","2,152","1,195","132","0","14,765","14,765","506","830","656","711","1,213","2,305","3,447","2,443","2,234","404","16"
"경상북도 울진군 (4793000000)","46,942","46,942","2,526","3,368","4,017","3,855","5,789","8,181","8,996","5,463","4,001","736","10","23,637","23,637","1,295","1,827","2,394","2,135","3,124","4,552","4,506","2,442","1,254","107","1","23,305","23,305","1,231","1,541","1,623","1,720","2,665","3,629","4,490","3,021","2,747","629","9"
"경상북도 울릉군 (4794000000)","8,908","8,908","333","438","817","792","1,211","1,770","1,891","1,064","510","82","0","4,923","4,923","175","220","517","471","754","1,059","1,005","500","203","19","0","3,985","3,985","158","218","300","321","457","711","886","564","307","63","0"
"경상남도  (4800000000)","3,269,910","3,269,910","229,871","318,715","340,528","360,873","517,040","573,086","512,268","259,147","138,056","19,950","376","1,645,551","1,645,551","118,170","165,784","190,896","189,828","265,118","293,253","255,402","118,462","44,863","3,730","45","1,624,359","1,624,359","111,701","152,931","149,632","171,045","251,922","279,833","256,866","140,685","93,193","16,220","331"
"경상남도 창원시 (4812000000)","1,017,376","1,017,376","72,723","97,771","117,568","124,644","163,726","180,418","156,723","70,039","29,755","3,946","63","514,909","514,909","37,459","50,918","66,012","66,411","83,631","89,409","77,305","32,709","10,309","735","11","502,467","502,467","35,264","46,853","51,556","58,233","80,095","91,009","79,418","37,330","19,446","3,211","52"
"경상남도 창원시 의창구 (4812100000)","215,026","215,026","15,810","19,363","26,008","26,953","33,366","40,180","33,703","13,276","5,583","771","13","109,325","109,325","8,072","10,077","14,646","14,288","17,187","19,595","17,058","6,414","1,842","145","1","105,701","105,701","7,738","9,286","11,362","12,665","16,179","20,585","16,645","6,862","3,741","626","12"
"경상남도 창원시 성산구 (4812300000)","247,777","247,777","17,173","25,056","34,222","34,298","39,049","49,535","34,124","9,818","3,859","632","11","126,319","126,319","8,814","13,148","19,218","18,550","18,886","23,730","17,772","4,877","1,219","102","3","121,458","121,458","8,359","11,908","15,004","15,748","20,163","25,805","16,352","4,941","2,640","530","8"
"경상남도 창원시 마산합포구 (4812500000)","178,476","178,476","12,247","14,378","17,907","20,091","26,719","28,396","31,814","17,820","8,000","1,085","19","88,724","88,724","6,357","7,438","9,897","10,534","14,120","14,253","15,033","8,069","2,806","212","5","89,752","89,752","5,890","6,940","8,010","9,557","12,599","14,143","16,781","9,751","5,194","873","14"
"경상남도 창원시 마산회원구 (4812700000)","182,765","182,765","10,973","17,373","19,534","19,123","28,577","32,418","31,561","16,260","6,246","688","12","91,208","91,208","5,639","9,065","10,768","10,185","14,572","16,164","14,979","7,442","2,278","115","1","91,557","91,557","5,334","8,308","8,766","8,938","14,005","16,254","16,582","8,818","3,968","573","11"
"경상남도 창원시 진해구 (4812900000)","193,332","193,332","16,520","21,601","19,897","24,179","36,015","29,889","25,521","12,865","6,067","770","8","99,333","99,333","8,577","11,190","11,483","12,854","18,866","15,667","12,463","5,907","2,164","161","1","93,999","93,999","7,943","10,411","8,414","11,325","17,149","14,222","13,058","6,958","3,903","609","7"
"경상남도 진주시 (4817000000)","343,094","343,094","25,038","34,383","42,420","39,563","52,082","56,768","50,335","26,673","13,826","1,956","50","169,481","169,481","12,922","17,987","23,330","20,556","25,792","28,121","24,089","11,802","4,499","376","7","173,613","173,613","12,116","16,396","19,090","19,007","26,290","28,647","26,246","14,871","9,327","1,580","43"
"경상남도 통영시 (4822000000)","122,324","122,324","7,445","12,645","9,819","10,980","20,126","21,487","21,939","11,756","5,441","672","14","61,363","61,363","3,738","6,523","5,531","5,612","10,685","11,273","10,627","5,484","1,772","118","0","60,961","60,961","3,707","6,122","4,288","5,368","9,441","10,214","11,312","6,272","3,669","554","14"
"경상남도 사천시 (4824000000)","109,036","109,036","6,989","10,145","9,838","10,632","16,996","18,287","17,924","10,908","6,314","988","15","55,055","55,055","3,617","5,229","5,978","5,818","8,890","9,821","8,738","4,771","2,030","162","1","53,981","53,981","3,372","4,916","3,860","4,814","8,106","8,466","9,186","6,137","4,284","826","14"
"경상남도 사천남양출장소 (4824500000)","0","0","0","0","0","0","0","0","0","0","0","0","0","0","0","0","0","0","0","0","0","0","0","0","0","0","0","0","0","0","0","0","0","0","0","0","0","0","0"
"경상남도 김해시 (4825000000)","533,686","533,686","42,368","60,069","63,191","63,823","94,030","99,722","67,049","28,566","13,169","1,669","30","269,769","269,769","21,774","30,920","34,685","33,241","46,747","50,613","34,336","12,882","4,260","307","4","263,917","263,917","20,594","29,149","28,506","30,582","47,283","49,109","32,713","15,684","8,909","1,362","26"
"경상남도 장유출장소 (4825200000)","0","0","0","0","0","0","0","0","0","0","0","0","0","0","0","0","0","0","0","0","0","0","0","0","0","0","0","0","0","0","0","0","0","0","0","0","0","0","0"
"경상남도 밀양시 (4827000000)","102,482","102,482","4,847","7,347","8,120","8,006","12,292","17,710","22,340","13,211","7,559","1,034","16","50,422","50,422","2,443","3,846","4,726","4,292","6,468","9,070","10,997","5,986","2,414","178","2","52,060","52,060","2,404","3,501","3,394","3,714","5,824","8,640","11,343","7,225","5,145","856","14"
"경상남도 거제시 (4831000000)","235,720","235,720","21,376","28,202","21,071","29,018","46,370","40,817","30,138","12,244","5,571","892","21","123,035","123,035","11,063","14,672","12,041","14,980","24,736","22,248","15,374","5,982","1,783","153","3","112,685","112,685","10,313","13,530","9,030","14,038","21,634","18,569","14,764","6,262","3,788","739","18"
"경상남도 양산시 (4833000000)","352,925","352,925","30,416","35,369","36,667","45,143","61,666","59,828","48,901","23,154","10,474","1,281","26","176,682","176,682","15,574","18,085","19,800","23,235","31,353","30,031","24,013","10,573","3,745","270","3","176,243","176,243","14,842","17,284","16,867","21,908","30,313","29,797","24,888","12,581","6,729","1,011","23"
"경상남도 양산시웅상출장소 (4833200000)","0","0","0","0","0","0","0","0","0","0","0","0","0","0","0","0","0","0","0","0","0","0","0","0","0","0","0","0","0","0","0","0","0","0","0","0","0","0","0"
"경상남도 의령군 (4872000000)","26,009","26,009","925","1,414","1,599","1,581","2,590","4,353","5,986","3,842","3,167","535","17","12,858","12,858","492","748","949","835","1,468","2,435","3,204","1,715","903","106","3","13,151","13,151","433","666","650","746","1,122","1,918","2,782","2,127","2,264","429","14"
"경상남도 함안군 (4873000000)","61,277","61,277","3,173","5,693","4,649","4,636","8,477","10,825","12,021","6,726","4,374","697","6","31,270","31,270","1,615","3,015","2,762","2,428","4,519","5,960","6,401","3,112","1,328","128","2","30,007","30,007","1,558","2,678","1,887","2,208","3,958","4,865","5,620","3,614","3,046","569","4"
"경상남도 창녕군 (4874000000)","58,244","58,244","2,555","3,836","3,891","4,263","6,469","10,061","13,046","8,040","5,292","776","15","29,112","29,112","1,315","2,031","2,311","2,389","3,599","5,457","6,614","3,647","1,609","139","1","29,132","29,132","1,240","1,805","1,580","1,874","2,870","4,604","6,432","4,393","3,683","637","14"
"경상남도 고성군 (4882000000)","50,348","50,348","1,974","4,030","3,568","3,196","5,959","8,855","10,580","6,869","4,532","774","11","25,307","25,307","981","2,201","2,095","1,755","3,253","4,906","5,357","3,176","1,444","138","1","25,041","25,041","993","1,829","1,473","1,441","2,706","3,949","5,223","3,693","3,088","636","10"
"경상남도 남해군 (4884000000)","41,473","41,473","1,434","2,698","2,788","2,259","4,076","6,806","8,821","6,540","5,053","984","14","20,138","20,138","746","1,479","1,730","1,192","2,143","3,733","4,413","2,969","1,552","181","0","21,335","21,335","688","1,219","1,058","1,067","1,933","3,073","4,408","3,571","3,501","803","14"
"경상남도 하동군 (4885000000)","42,310","42,310","1,456","2,548","2,709","2,349","4,214","7,666","9,659","6,230","4,624","843","12","21,188","21,188","750","1,377","1,621","1,281","2,354","4,213","5,106","2,875","1,445","165","1","21,122","21,122","706","1,171","1,088","1,068","1,860","3,453","4,553","3,355","3,179","678","11"
"경상남도 산청군 (4886000000)","33,936","33,936","1,097","1,942","2,083","1,825","3,129","6,028","8,057","5,187","3,936","638","14","16,820","16,820","571","1,061","1,191","1,015","1,701","3,320","4,206","2,427","1,210","115","3","17,116","17,116","526","881","892","810","1,428","2,708","3,851","2,760","2,726","523","11"
"경상남도 함양군 (4887000000)","37,582","37,582","1,530","2,752","2,604","2,265","3,916","6,537","7,885","5,306","4,128","646","13","18,203","18,203","770","1,446","1,486","1,180","2,089","3,535","3,996","2,319","1,260","122","0","19,379","19,379","760","1,306","1,118","1,085","1,827","3,002","3,889","2,987","2,868","524","13"
"경상남도 거창군 (4888000000)","60,231","60,231","3,201","5,668","5,390","4,534","7,172","10,024","11,178","6,994","5,225","826","19","29,576","29,576","1,656","3,088","3,170","2,392","3,600","5,233","5,592","3,028","1,632","184","1","30,655","30,655","1,545","2,580","2,220","2,142","3,572","4,791","5,586","3,966","3,593","642","18"
"경상남도 합천군 (4889000000)","41,857","41,857","1,324","2,203","2,553","2,156","3,750","6,894","9,686","6,862","5,616","793","20","20,363","20,363","684","1,158","1,478","1,216","2,090","3,875","5,034","3,005","1,668","153","2","21,494","21,494","640","1,045","1,075","940","1,660","3,019","4,652","3,857","3,948","640","18"
"제주특별자치도  (5000000000)","674,620","674,620","54,780","70,815","77,508","79,187","110,282","116,301","88,200","46,651","26,182","4,487","227","337,767","337,767","28,126","36,744","41,120","39,914","56,202","60,351","43,917","21,441","9,167","776","9","336,853","336,853","26,654","34,071","36,388","39,273","54,080","55,950","44,283","25,210","17,015","3,711","218"
"제주특별자치도 제주시 (5011000000)","490,735","490,735","41,120","53,103","59,512","60,373","81,004","83,700","60,759","31,072","16,922","3,018","152","245,148","245,148","21,105","27,514","31,330","30,597","40,959","42,888","30,125","14,217","5,893","515","5","245,587","245,587","20,015","25,589","28,182","29,776","40,045","40,812","30,634","16,855","11,029","2,503","147"
"제주특별자치도 서귀포시 (5013000000)","183,885","183,885","13,660","17,712","17,996","18,814","29,278","32,601","27,441","15,579","9,260","1,469","75","92,619","92,619","7,021","9,230","9,790","9,317","15,243","17,463","13,792","7,224","3,274","261","4","91,266","91,266","6,639","8,482","8,206","9,497","14,035","15,138","13,649","8,355","5,986","1,208","71"
